category_id,name,position,channels,visible_to_everyone,human_msgs_90d,human_msgs_30d,bot_msgs_90d,channels_to_archive
1087198131512430642,TWO | INFO,0,13,6,0,0,1,8
1055494206556225719,TWO | SOCIAL,1,7,5,0,0,0,6
1432057164242878637,Archive,2,4,0,0,0,0,4
1087199234706640940,TWO | LOBBY,3,26,15,15,1,88,17
1178936839151816715,🎮【 Survival 】🎮,4,1,0,0,0,0,1
1178933610586308739,👻【 Horror 】👻,5,1,0,0,0,7,0
1179216170591715348,🎯【 Shooters 】🎯,6,1,0,0,0,0,1
1045946491463807066,TWO | GAMES,7,3,0,0,0,189,1
1078761198708858891,TWO | LEADERSHIP,8,12,0,0,0,4000,10
1113455405343977472,🧠│AI FUN,9,2,0,0,0,0,2
1087201563405193247,🎫【 SUPPORT TICKETS 】🎫,10,2,1,0,0,0,1
1112762115992854600,🎫【 CLAIMED TICKETS 】🎫,11,0,0,0,0,0,0
1112762118266159154,🎫【 CLOSED TICKETS 】🎫,12,5,0,0,0,0,5
1063309416365039649,IMPORTANT INFORMATION,13,5,0,0,0,11,4
1090639835896746027,Logs,14,22,0,0,0,115,21
1112742773829926983,ModMail,15,2,0,0,0,0,2
1139711707443368079,logs,16,5,0,0,0,608,0
1140914034686836766,Logger,17,1,0,0,0,0,1
