channel_id,name,type,category,position,visible_to_everyone,gated_roles,has_topic,slowmode_s,nsfw,msgs_90d,msgs_30d,human_msgs_90d,human_msgs_30d,bot_msgs_90d,unique_humans_90d,last_message_at,days_silent,verdict,justification
327082608611557377,📢〢announcements,announcement,TWO | INFO,3,true,0,true,0,false,0,0,0,0,0,0,2023-10-15,1039,keep,"0 messages/90d, but Discord's own config points new members here"
1045892418362417192,about_us,text,IMPORTANT INFORMATION,64,false,0,false,0,false,0,0,0,0,0,0,2023-01-14,1313,archive,"0 messages/90d, silent 1313d"
1045943373007171674,💬〢general,text,TWO | LOBBY,24,true,0,true,0,false,54,10,10,1,44,3,2026-08-13,6,keep,10 human messages/90d (1 in 30d) from 3 people
1045950023663370260,💤 AFK,voice,TWO | LOBBY,10,true,0,false,0,false,0,0,0,0,0,0,2023-03-12,1256,keep,"0 messages/90d, but Discord's own config points new members here"
1047562772407398500,🎶〢music,text,Archive,23,false,0,true,0,false,0,0,0,0,0,0,2024-01-06,955,archive,"0 messages/90d, silent 955d"
1055494371019071570,🚗〢automobiles,text,TWO | SOCIAL,17,true,0,true,0,false,0,0,0,0,0,0,2024-01-06,955,archive,"0 messages/90d, silent 955d"
1055500237831151716,⚽〢sports,text,TWO | SOCIAL,16,true,0,true,0,false,0,0,0,0,0,0,2024-01-06,955,archive,"0 messages/90d, silent 955d"
1056439011088007261,🔫〢guns,text,TWO | SOCIAL,18,false,0,true,0,true,0,0,0,0,0,0,2024-01-06,955,archive,"0 messages/90d, silent 955d"
1056447465286541333,🚽〢spam,text,TWO | LOBBY,26,false,0,false,0,false,0,0,0,0,0,0,2024-04-12,859,keep,"0 messages/90d, but Discord's own config points new members here"
1057456170320801802,💸・gamedeals,text,TWO | LOBBY,32,false,0,false,0,false,0,0,0,0,0,0,2024-02-09,921,archive,"0 messages/90d, silent 921d"
1058572808826933319,wick-logs,text,TWO | LEADERSHIP,55,false,0,false,0,false,0,0,0,0,0,0,2024-09-11,707,archive,"0 messages/90d, silent 707d"
1058572809607073832,📜〢mod-logs,text,TWO | LEADERSHIP,51,false,2,false,0,false,0,0,0,0,0,0,2025-03-16,521,archive,"0 messages/90d, silent 521d"
1059534713695502337,📈〢network-status,text,TWO | LEADERSHIP,54,false,0,false,0,false,0,0,0,0,0,0,2025-03-16,521,archive,"0 messages/90d, silent 521d"
1063256513172484149,💻〢tech,text,Archive,20,false,0,true,0,false,0,0,0,0,0,0,2024-01-06,955,archive,"0 messages/90d, silent 955d"
1063269593914818600,stream_program,text,IMPORTANT INFORMATION,66,false,0,false,0,false,0,0,0,0,0,0,2023-01-18,1308,archive,"0 messages/90d, silent 1308d"
1063303397639454781,lfc_role_proof,text,IMPORTANT INFORMATION,65,false,0,false,0,false,0,0,0,0,0,0,2023-01-13,1314,archive,"0 messages/90d, silent 1314d"
1078083546054397982,🎉〢giveaways,text,TWO | LOBBY,31,false,0,false,0,false,0,0,0,0,0,0,2023-05-28,1179,archive,"0 messages/90d, silent 1179d"
1078104807132373032,✅・verify,text,TWO | INFO,6,false,1,false,0,false,0,0,0,0,0,0,2023-07-30,1116,archive,"0 messages/90d, silent 1116d"
1078864674046627960,stream-announcements,text,IMPORTANT INFORMATION,67,false,0,false,0,false,0,0,0,0,0,0,2023-03-21,1247,archive,"0 messages/90d, silent 1247d"
1079390933159788714,staff-applications,text,TWO | LEADERSHIP,53,false,5,false,0,false,0,0,0,0,0,0,2023-08-12,1103,archive,"0 messages/90d, silent 1103d"
1080624480382107728,invites,text,IMPORTANT INFORMATION,68,false,0,false,0,false,11,7,0,0,11,0,2026-08-03,16,keep,"bot-only feed: 11 bot messages/90d, already hidden from @everyone"
1086368551729905694,➕〢Create a VC,voice,TWO | LOBBY,0,true,0,false,0,false,0,0,0,0,0,0,,,keep,"0 messages/90d, but Discord's own config points new members here"
1087198966346690570,📰〢introduce-yourself,forum,TWO | INFO,1,true,0,true,0,false,0,0,0,0,0,0,2026-02-21,179,keep,"0 messages/90d, but Discord's own config points new members here"
1087199559719067748,🌎〢away-from-keyboard,text,TWO | LOBBY,28,false,0,true,0,false,0,0,0,0,0,0,2024-01-06,955,archive,"0 messages/90d, silent 955d"
1087199619546632232,📺〢clips-and-highlights,text,TWO | LOBBY,25,true,0,true,0,false,0,0,0,0,0,0,2025-11-10,282,keep,"0 messages/90d, but Discord's own config points new members here"
1087199767718809650,🔞〢nsfw,text,TWO | LOBBY,29,false,1,false,0,true,0,0,0,0,0,0,2024-09-10,708,archive,"0 messages/90d, silent 708d"
1087199860802986095,📝〢suggestions,text,TWO | INFO,5,false,0,true,0,false,0,0,0,0,0,0,2023-07-04,1142,archive,"0 messages/90d, silent 1142d"
1087199956600897557,📺〢streaming,text,TWO | GAMES,42,false,0,true,0,false,3,2,0,0,3,0,2026-07-21,28,keep,"bot-only feed: 3 bot messages/90d, already hidden from @everyone"
1087200082505510972,🤝・partners,text,TWO | INFO,10,true,0,false,0,false,0,0,0,0,0,0,2024-07-07,773,archive,"0 messages/90d, silent 773d"
1087200619418357810,🌈〢color-change,text,TWO | INFO,8,false,2,false,0,false,0,0,0,0,0,0,2023-05-31,1176,archive,"0 messages/90d, silent 1176d"
1087201627980714044,🎫・ticket,text,🎫【 SUPPORT TICKETS 】🎫,59,true,0,false,0,false,0,0,0,0,0,0,2023-05-29,1178,rewrite-topic,"kept and in the newcomer's sidebar, but no channel topic is set (0 human messages/90d) - nothing tells a newcomer what it is for"
1087910390802960414,📰〢patches,forum,TWO | GAMES,43,false,0,false,0,false,186,64,0,0,186,0,2026-08-19,0,keep,"bot-only feed: 186 bot messages/90d, already hidden from @everyone"
1090639980705099776,message-delete,text,Logs,69,false,0,false,0,false,0,0,0,0,0,0,2025-06-09,435,archive,"0 messages/90d, silent 435d"
1090640059524468797,message-edit,text,Logs,70,false,0,false,0,false,0,0,0,0,0,0,2025-08-07,377,archive,"0 messages/90d, silent 377d"
1090640094194565180,image-delete,text,Logs,71,false,0,false,0,false,0,0,0,0,0,0,2024-08-24,725,archive,"0 messages/90d, silent 725d"
1090640131200913589,bulk-message-delete,text,Logs,72,false,0,false,0,false,0,0,0,0,0,0,2025-07-19,395,archive,"0 messages/90d, silent 395d"
1090640168412786688,log-invitesinvite-info,text,Logs,73,false,0,false,0,false,0,0,0,0,0,0,,,archive,never had a message
1090640199475802202,moderator-commands,text,Logs,74,false,0,false,0,false,0,0,0,0,0,0,,,archive,never had a message
1090640261375340554,member-join,text,Logs,75,false,0,false,0,false,0,0,0,0,0,0,2025-09-12,341,archive,"0 messages/90d, silent 341d"
1090640290882261092,member-leave,text,Logs,76,false,0,false,0,false,0,0,0,0,0,0,2025-08-22,362,archive,"0 messages/90d, silent 362d"
1090640324600266902,member-role-add,text,Logs,77,false,0,false,0,false,0,0,0,0,0,0,2025-09-14,339,archive,"0 messages/90d, silent 339d"
1090640356627976263,member-role-remove,text,Logs,78,false,0,false,0,false,0,0,0,0,0,0,2025-09-14,339,archive,"0 messages/90d, silent 339d"
1090640385027616861,nickname-change,text,Logs,79,false,0,false,0,false,0,0,0,0,0,0,2025-09-10,343,archive,"0 messages/90d, silent 343d"
1090640414568091700,member-ban,text,Logs,80,false,0,false,0,false,0,0,0,0,0,0,2024-09-11,707,archive,"0 messages/90d, silent 707d"
1090640441948512326,member-unban,text,Logs,81,false,0,false,0,false,0,0,0,0,0,0,,,archive,never had a message
1090640472449486908,role-create,text,Logs,82,false,0,false,0,false,0,0,0,0,0,0,2025-07-27,388,archive,"0 messages/90d, silent 388d"
1090640510227582986,role-delete,text,Logs,83,false,0,false,0,false,0,0,0,0,0,0,2025-07-06,408,archive,"0 messages/90d, silent 408d"
1090642310846480445,role-update,text,Logs,84,false,0,false,0,false,0,0,0,0,0,0,2023-08-18,1097,archive,"0 messages/90d, silent 1097d"
1090642341041291364,channel-create,text,Logs,85,false,0,false,0,false,0,0,0,0,0,0,2025-09-07,345,archive,"0 messages/90d, silent 345d"
1090642374226612404,channel-delete,text,Logs,86,false,0,false,0,false,0,0,0,0,0,0,2025-09-07,345,archive,"0 messages/90d, silent 345d"
1090642415339192351,voice-channel-join,text,Logs,87,false,0,false,0,false,0,0,0,0,0,0,2025-09-15,338,archive,"0 messages/90d, silent 338d"
1090642448579043388,voice-channel-leave,text,Logs,88,false,0,false,0,false,0,0,0,0,0,0,2025-09-15,338,archive,"0 messages/90d, silent 338d"
1090642477624590376,voice-channel-move,text,Logs,89,false,0,false,0,false,0,0,0,0,0,0,2025-09-15,338,archive,"0 messages/90d, silent 338d"
1092312335529541632,🎮〢game-hub,forum,TWO | LOBBY,27,true,0,true,0,false,0,0,0,0,0,0,2026-02-06,194,keep,"0 messages/90d, but Discord's own config points new members here"
1092823790695751810,👍・lfc-upvote,text,TWO | INFO,9,false,0,false,0,false,0,0,0,0,0,0,2023-06-09,1166,archive,"0 messages/90d, silent 1166d"
1092929576491036672,👑〢battlepass,text,TWO | INFO,11,false,0,false,0,false,0,0,0,0,0,0,2026-04-26,114,archive,"0 messages/90d, silent 114d"
1104836077761593354,❗〢audit-log,text,TWO | LEADERSHIP,50,false,0,false,0,false,4000,4000,0,0,4000,0,2026-08-19,0,keep,"bot-only feed: 4000 bot messages/90d, already hidden from @everyone"
1105881919062806588,wicklogs,text,Logs,90,false,0,false,0,false,115,79,0,0,115,0,2026-08-19,0,keep,"bot-only feed: 115 bot messages/90d, already hidden from @everyone"
1112742775578964099,modmail-log,text,ModMail,91,false,0,false,0,false,0,0,0,0,0,0,2023-05-29,1178,archive,"0 messages/90d, silent 1178d"
1112743065665413120,pisnrzrs-0001,text,ModMail,92,false,0,true,0,false,0,0,0,0,0,0,2023-05-29,1178,archive,"0 messages/90d, silent 1178d"
1112873080293970002,💎〢support-us,text,TWO | INFO,7,true,0,false,0,false,0,0,0,0,0,0,2024-04-12,859,archive,"0 messages/90d, silent 859d"
1113457081329139763,📃・text-generation,text,🧠│AI FUN,56,false,0,true,0,false,0,0,0,0,0,0,2023-10-25,1029,archive,"0 messages/90d, silent 1029d"
1113457217706922035,🌄・image-generation,text,🧠│AI FUN,57,false,0,true,0,false,0,0,0,0,0,0,2024-01-13,949,archive,"0 messages/90d, silent 949d"
1113979181391429672,🆓・freebies,text,TWO | LOBBY,33,false,0,false,0,false,44,9,0,0,44,0,2026-08-13,6,keep,"bot-only feed: 44 bot messages/90d, already hidden from @everyone"
1114833990315159622,5-microuxys4545,text,🎫【 CLOSED TICKETS 】🎫,61,false,1,true,0,false,0,0,0,0,0,0,2023-06-04,1172,archive,"0 messages/90d, silent 1172d"
1117480270044594186,🛠・diy-projects,forum,TWO | LOBBY,34,false,0,false,0,false,0,0,0,0,0,0,2023-07-26,1120,archive,"0 messages/90d, silent 1120d"
1118994447036850369,💬〢horror-general,text,👻【 Horror 】👻,39,false,0,false,0,false,7,4,0,0,7,0,2026-08-17,2,keep,"bot-only feed: 7 bot messages/90d, already hidden from @everyone"
1118994739799281664,📅〢events,text,TWO | INFO,4,true,0,false,0,false,0,0,0,0,0,0,2024-07-27,752,rewrite-topic,"kept and in the newcomer's sidebar, but no channel topic is set (0 human messages/90d) - nothing tells a newcomer what it is for"
1119073453291610123,6-pisnrzrs-segunpeace9185,text,🎫【 CLOSED TICKETS 】🎫,60,false,1,true,0,false,0,0,0,0,0,0,2023-06-16,1160,archive,"0 messages/90d, silent 1160d"
1119296196373139587,🎨〢creative,text,Archive,21,false,0,true,0,false,0,0,0,0,0,0,2024-01-06,955,archive,"0 messages/90d, silent 955d"
1127785339486994473,9-pisnrzrs-bawrzy,text,🎫【 CLOSED TICKETS 】🎫,62,false,1,true,0,false,0,0,0,0,0,0,2023-07-11,1135,archive,"0 messages/90d, silent 1135d"
1128819815298125854,ticket-faq,text,🎫【 SUPPORT TICKETS 】🎫,58,false,1,true,0,false,0,0,0,0,0,0,2023-09-06,1078,archive,"0 messages/90d, silent 1078d"
1132448261253369939,🚩〢guidelines,text,TWO | INFO,2,true,0,false,0,false,0,0,0,0,0,0,2023-11-19,1004,rewrite-topic,"kept and in the newcomer's sidebar, but no channel topic is set (0 human messages/90d) - nothing tells a newcomer what it is for"
1132475979282006137,🚀〢quick-start-guide,text,TWO | INFO,12,false,0,false,0,false,0,0,0,0,0,0,2025-02-22,543,archive,"0 messages/90d, silent 543d"
1134893653832245428,🌐〢divisions,forum,TWO | GAMES,41,false,0,false,0,false,0,0,0,0,0,0,2023-07-30,1116,archive,"0 messages/90d, silent 1116d"
1138590687311446049,📌〢staff-announcements,text,TWO | LEADERSHIP,44,false,1,false,0,false,0,0,0,0,0,0,2023-08-08,1106,archive,"0 messages/90d, silent 1106d"
1138590808715571300,🔧〢updates-and-changes,text,TWO | LEADERSHIP,45,false,1,false,0,false,0,0,0,0,0,0,2025-12-15,246,keep,"0 messages/90d, but Discord's own config points new members here"
1138591034163593336,📝〢staff-chat,text,TWO | LEADERSHIP,46,false,1,true,0,false,0,0,0,0,0,0,2025-02-20,544,archive,"0 messages/90d, silent 544d"
1138591122927648908,🌀〢moderator-chat,text,TWO | LEADERSHIP,48,false,1,true,0,false,0,0,0,0,0,0,2024-04-12,859,archive,"0 messages/90d, silent 859d"
1138593758443737140,🔺〢admin-chat,text,TWO | LEADERSHIP,49,false,1,true,0,false,0,0,0,0,0,0,2024-07-30,750,archive,"0 messages/90d, silent 750d"
1139710398585651220,🤖〢bot-commands,text,TWO | LEADERSHIP,52,false,5,false,0,false,0,0,0,0,0,0,2025-07-06,408,archive,"0 messages/90d, silent 408d"
1139711709980925962,voice-log,text,logs,93,false,0,false,0,false,495,156,0,0,495,0,2026-08-19,0,keep,"bot-only feed: 495 bot messages/90d, already hidden from @everyone"
1139711711851593848,message-log,text,logs,94,false,0,false,0,false,2,0,0,0,2,0,2026-06-04,76,keep,"bot-only feed: 2 bot messages/90d, already hidden from @everyone"
1139711713525108896,join-leave-log,text,logs,95,false,0,false,0,false,16,9,0,0,16,0,2026-08-19,0,keep,"bot-only feed: 16 bot messages/90d, already hidden from @everyone"
1139711716129783950,member-log,text,logs,96,false,0,false,0,false,83,40,0,0,83,0,2026-08-19,0,keep,"bot-only feed: 83 bot messages/90d, already hidden from @everyone"
1139711719065784414,server-log,text,logs,97,false,0,false,0,false,12,12,0,0,12,0,2026-08-19,0,keep,"bot-only feed: 12 bot messages/90d, already hidden from @everyone"
1140914163934302289,logger,text,Logger,98,false,0,false,0,false,0,0,0,0,0,0,2025-02-23,542,archive,"0 messages/90d, silent 542d"
1146611215511081012,👋〢welcome,text,TWO | INFO,0,false,0,false,0,false,1,1,0,0,1,0,2026-08-19,0,keep,"bot-only feed: 1 bot messages/90d, already hidden from @everyone"
1154904611799437404,🎉〢subscriber-rewards,text,TWO | LOBBY,30,false,10,false,0,false,0,0,0,0,0,0,2023-10-22,1032,archive,"0 messages/90d, silent 1032d"
1175127344072118405,🏠〢Lobby,voice,TWO | LOBBY,3,true,0,false,0,false,4,0,4,0,0,1,2026-07-20,30,merge,only 4 human messages/90d from 1 people
1175150257278025771,😂〢memes,text,Archive,22,false,0,false,0,false,0,0,0,0,0,0,2024-01-07,955,archive,"0 messages/90d, silent 955d"
1175150463298060370,🐠〢pets,text,TWO | SOCIAL,19,false,0,false,0,false,0,0,0,0,0,0,2024-01-07,955,archive,"0 messages/90d, silent 955d"
1175151272438026280,💬〢clubs,forum,TWO | LOBBY,35,false,0,false,0,false,0,0,0,0,0,0,,,archive,never had a message
1176294550294233169,🙂〢interests,forum,TWO | SOCIAL,13,true,0,false,0,false,0,0,0,0,0,0,2025-12-13,249,rewrite-topic,"kept and in the newcomer's sidebar, but no channel topic is set (0 human messages/90d) - nothing tells a newcomer what it is for"
1176386295384260648,self-promotion,text,TWO | LOBBY,36,false,0,false,21600,false,0,0,0,0,0,0,,,archive,never had a message
1178791853861113887,11-ghostlyog-monkers,text,🎫【 CLOSED TICKETS 】🎫,63,false,1,true,0,false,0,0,0,0,0,0,2023-11-27,995,archive,"0 messages/90d, silent 995d"
1178937094035492884,💬〢survival-general,text,🎮【 Survival 】🎮,38,false,0,false,0,false,0,0,0,0,0,0,2024-04-12,859,archive,"0 messages/90d, silent 859d"
1179217198930202735,💬〢shooters-general,text,🎯【 Shooters 】🎯,40,false,0,false,0,false,0,0,0,0,0,0,2024-09-28,690,archive,"0 messages/90d, silent 690d"
1225192754020225176,📝〢staff-away,text,TWO | LEADERSHIP,47,false,1,true,0,false,0,0,0,0,0,0,2024-09-10,708,archive,"0 messages/90d, silent 708d"
1266840224835833920,☕〢The Lounge,voice,TWO | LOBBY,1,true,0,false,0,false,0,0,0,0,0,0,2026-01-14,217,archive,"0 messages/90d, silent 217d"
1266840693637255363,🔞〢The Bar,voice,TWO | LOBBY,2,true,0,false,0,false,1,0,1,0,0,1,2026-07-02,48,merge,only 1 human messages/90d from 1 people
1269750661722148954,🎉〢Events,voice,TWO | LOBBY,4,true,0,false,0,false,0,0,0,0,0,0,,,archive,never had a message
1269753028404056076,💭〢Hub,voice,TWO | LOBBY,5,true,0,false,0,false,0,0,0,0,0,0,,,archive,never had a message
1269753534346432644,🎧〢Duos,voice,TWO | LOBBY,6,true,0,false,0,false,0,0,0,0,0,0,,,archive,never had a message
1269753860193521816,🎧〢Trios,voice,TWO | LOBBY,7,true,0,false,0,false,0,0,0,0,0,0,,,archive,never had a message
1269754268265480242,🎧〢Quads,voice,TWO | LOBBY,8,true,0,false,0,false,0,0,0,0,0,0,,,archive,never had a message
1269754877303721985,🎧〢Squads,voice,TWO | LOBBY,9,true,0,false,0,false,0,0,0,0,0,0,,,archive,never had a message
1276964524150358138,💎〢supporters,forum,TWO | LOBBY,37,false,16,false,0,false,0,0,0,0,0,0,2024-08-25,724,archive,"0 messages/90d, silent 724d"
1431742191620853791,📺〢tv-shows,forum,TWO | SOCIAL,15,true,0,false,0,false,0,0,0,0,0,0,2025-10-25,297,archive,"0 messages/90d, silent 297d"
1431746979540631622,🎞️〢movies,forum,TWO | SOCIAL,14,true,0,false,0,false,0,0,0,0,0,0,,,archive,never had a message
1465060666972049439,🎧〢Quads [1],voice,TWO | LOBBY,11,true,0,false,0,false,0,0,0,0,0,0,,,archive,never had a message
1499430425045766326,12-toxxicpeaches,text,🎫【 CLOSED TICKETS 】🎫,99,false,1,true,0,false,0,0,0,0,0,0,2026-04-30,111,archive,"0 messages/90d, silent 111d"
