code,uses,landing_channel,landing_channel_id,inviter_id,created_at,expires_in_days,max_uses,temporary_membership
hr8RSybqVr,17,💬〢general,1045943373007171674,275483498603741184,2024-11-11,never,unlimited,false
fKSHpyEzXV,13,💬〢general,1045943373007171674,302050872383242240,2025-07-27,never,unlimited,false
tzcgmPVqnJ,3,about_us,1045892418362417192,302050872383242240,2023-01-06,never,unlimited,false
CjE6ZukrxB,1,about_us,1045892418362417192,493224032167002123,2022-12-27,never,unlimited,false
4FhpwXbm4,0,💬〢general,1045943373007171674,275483498603741184,2026-08-15,30,unlimited,false
JPaeyCP52q,0,💬〢general,1045943373007171674,456483983870394368,2024-02-25,never,unlimited,false
dFR3A8HMa,0,🔞〢The Bar,1266840693637255363,452890077333553154,2026-08-15,30,unlimited,false
eCrpaPFnS,0,☕〢The Lounge,1266840224835833920,452890077333553154,2026-08-01,30,unlimited,false
fkZKCtB4P,0,💬〢general,1045943373007171674,275483498603741184,2026-08-15,30,1,false
jWrq2t7yX8,0,💬〢general,1045943373007171674,456483983870394368,2024-04-24,never,unlimited,false
mdmHdvQE2,0,📰〢introduce-yourself,1087198966346690570,452890077333553154,2026-08-15,30,unlimited,false
p7SxDX4s6,0,💬〢general,1045943373007171674,275483498603741184,2026-08-15,30,unlimited,false
pPgDQDpBx,0,💬〢general,1045943373007171674,275483498603741184,2026-08-15,30,1,false
rXFkUpKTmy,0,about_us,1045892418362417192,456483983870394368,2024-02-25,never,unlimited,false
tx23s6nkUC,0,about_us,1045892418362417192,456483983870394368,2024-03-08,never,unlimited,false
y33MkENkgq,0,💬〢general,1045943373007171674,456483983870394368,2024-03-09,never,unlimited,false
