role_id,name,group,verdict,recommended,merge_into_id,merge_into_name,holders,holders_move,needs_holder_export,wave,hoisted,overwrite_count,overwrite_channels,granted_by_onboarding,onboarding_options,permission_class,why
508654771276873729,SySOp,staff,keep,,,,1,0,no,,no,1,🚩〢guidelines,no,,has-permissions,"The whole website staff list per TWO-44/IDENTIFIERS.md. Server owner, 1 holder."
1078868065275609171,TWO-BOT,bot,untouchable,,,,0,0,no,,no,1,🎫・ticket,no,,bot,Owned by a bot integration. Discord will not let us delete it; it goes when the bot goes (TWO-42).
1060912046012633148,NPC,colour,delete,,,,0,0,no,"R2 — confirm the overwrite is redundant, then delete",no,1,🌈〢color-change,no,,has-permissions,Zero holders. Its only job is +view on 🌈〢color-change. Goes with whichever way the colour decision lands; harmless either way because nobody holds it.
1092632907190894593,Black,colour,decision,keep,,,0,0,no,,no,0,,no,,cosmetic,"Color-Chan's palette. 51 roles, 6 holders between them, and the channel that drives it is unusable — @everyone is denied and the one role allowed to view it is denied send, so nobody can run the command. Recommend fixing the door (one overwrite) rather than 51 irreversible deletions; measure in 30 days. Deleting instead also means removing Color-Chan, or it recreates them."
1092632909468405831,Grey,colour,decision,keep,,,0,0,no,,no,0,,no,,cosmetic,"Color-Chan's palette. 51 roles, 6 holders between them, and the channel that drives it is unusable — @everyone is denied and the one role allowed to view it is denied send, so nobody can run the command. Recommend fixing the door (one overwrite) rather than 51 irreversible deletions; measure in 30 days. Deleting instead also means removing Color-Chan, or it recreates them."
1092632911754309702,White,colour,decision,keep,,,0,0,no,,no,0,,no,,cosmetic,"Color-Chan's palette. 51 roles, 6 holders between them, and the channel that drives it is unusable — @everyone is denied and the one role allowed to view it is denied send, so nobody can run the command. Recommend fixing the door (one overwrite) rather than 51 irreversible deletions; measure in 30 days. Deleting instead also means removing Color-Chan, or it recreates them."
1092632914040197140,Dark red,colour,decision,keep,,,0,0,no,,no,0,,no,,cosmetic,"Color-Chan's palette. 51 roles, 6 holders between them, and the channel that drives it is unusable — @everyone is denied and the one role allowed to view it is denied send, so nobody can run the command. Recommend fixing the door (one overwrite) rather than 51 irreversible deletions; measure in 30 days. Deleting instead also means removing Color-Chan, or it recreates them."
1092632916242219059,Rose,colour,decision,keep,,,0,0,no,,no,0,,no,,cosmetic,"Color-Chan's palette. 51 roles, 6 holders between them, and the channel that drives it is unusable — @everyone is denied and the one role allowed to view it is denied send, so nobody can run the command. Recommend fixing the door (one overwrite) rather than 51 irreversible deletions; measure in 30 days. Deleting instead also means removing Color-Chan, or it recreates them."
1092632918406471690,Mona,colour,decision,keep,,,0,0,no,,no,0,,no,,cosmetic,"Color-Chan's palette. 51 roles, 6 holders between them, and the channel that drives it is unusable — @everyone is denied and the one role allowed to view it is denied send, so nobody can run the command. Recommend fixing the door (one overwrite) rather than 51 irreversible deletions; measure in 30 days. Deleting instead also means removing Color-Chan, or it recreates them."
1092632920348438550,Red,colour,decision,keep,,,1,0,no,,no,0,,no,,cosmetic,"Color-Chan's palette. 51 roles, 6 holders between them, and the channel that drives it is unusable — @everyone is denied and the one role allowed to view it is denied send, so nobody can run the command. Recommend fixing the door (one overwrite) rather than 51 irreversible deletions; measure in 30 days. Deleting instead also means removing Color-Chan, or it recreates them."
1092632923087323166,Vermilion,colour,decision,keep,,,0,0,no,,no,0,,no,,cosmetic,"Color-Chan's palette. 51 roles, 6 holders between them, and the channel that drives it is unusable — @everyone is denied and the one role allowed to view it is denied send, so nobody can run the command. Recommend fixing the door (one overwrite) rather than 51 irreversible deletions; measure in 30 days. Deleting instead also means removing Color-Chan, or it recreates them."
1092632925276753952,Tangerine,colour,decision,keep,,,0,0,no,,no,0,,no,,cosmetic,"Color-Chan's palette. 51 roles, 6 holders between them, and the channel that drives it is unusable — @everyone is denied and the one role allowed to view it is denied send, so nobody can run the command. Recommend fixing the door (one overwrite) rather than 51 irreversible deletions; measure in 30 days. Deleting instead also means removing Color-Chan, or it recreates them."
1092632927944318976,Orange,colour,decision,keep,,,0,0,no,,no,0,,no,,cosmetic,"Color-Chan's palette. 51 roles, 6 holders between them, and the channel that drives it is unusable — @everyone is denied and the one role allowed to view it is denied send, so nobody can run the command. Recommend fixing the door (one overwrite) rather than 51 irreversible deletions; measure in 30 days. Deleting instead also means removing Color-Chan, or it recreates them."
1092632930741923921,Mango Tango,colour,decision,keep,,,0,0,no,,no,0,,no,,cosmetic,"Color-Chan's palette. 51 roles, 6 holders between them, and the channel that drives it is unusable — @everyone is denied and the one role allowed to view it is denied send, so nobody can run the command. Recommend fixing the door (one overwrite) rather than 51 irreversible deletions; measure in 30 days. Deleting instead also means removing Color-Chan, or it recreates them."
1092632933052993646,Koromiko,colour,decision,keep,,,0,0,no,,no,0,,no,,cosmetic,"Color-Chan's palette. 51 roles, 6 holders between them, and the channel that drives it is unusable — @everyone is denied and the one role allowed to view it is denied send, so nobody can run the command. Recommend fixing the door (one overwrite) rather than 51 irreversible deletions; measure in 30 days. Deleting instead also means removing Color-Chan, or it recreates them."
1092632935183679619,Yellow,colour,decision,keep,,,0,0,no,,no,0,,no,,cosmetic,"Color-Chan's palette. 51 roles, 6 holders between them, and the channel that drives it is unusable — @everyone is denied and the one role allowed to view it is denied send, so nobody can run the command. Recommend fixing the door (one overwrite) rather than 51 irreversible deletions; measure in 30 days. Deleting instead also means removing Color-Chan, or it recreates them."
1092632937368928358,Lemon Yellow,colour,decision,keep,,,0,0,no,,no,0,,no,,cosmetic,"Color-Chan's palette. 51 roles, 6 holders between them, and the channel that drives it is unusable — @everyone is denied and the one role allowed to view it is denied send, so nobody can run the command. Recommend fixing the door (one overwrite) rather than 51 irreversible deletions; measure in 30 days. Deleting instead also means removing Color-Chan, or it recreates them."
1092632939776442400,Pale Canary,colour,decision,keep,,,0,0,no,,no,0,,no,,cosmetic,"Color-Chan's palette. 51 roles, 6 holders between them, and the channel that drives it is unusable — @everyone is denied and the one role allowed to view it is denied send, so nobody can run the command. Recommend fixing the door (one overwrite) rather than 51 irreversible deletions; measure in 30 days. Deleting instead also means removing Color-Chan, or it recreates them."
1092632942129459230,Lime,colour,decision,keep,,,0,0,no,,no,0,,no,,cosmetic,"Color-Chan's palette. 51 roles, 6 holders between them, and the channel that drives it is unusable — @everyone is denied and the one role allowed to view it is denied send, so nobody can run the command. Recommend fixing the door (one overwrite) rather than 51 irreversible deletions; measure in 30 days. Deleting instead also means removing Color-Chan, or it recreates them."
1092632944260157541,Green Yellow,colour,decision,keep,,,0,0,no,,no,0,,no,,cosmetic,"Color-Chan's palette. 51 roles, 6 holders between them, and the channel that drives it is unusable — @everyone is denied and the one role allowed to view it is denied send, so nobody can run the command. Recommend fixing the door (one overwrite) rather than 51 irreversible deletions; measure in 30 days. Deleting instead also means removing Color-Chan, or it recreates them."
1092632946474745896,Reef,colour,decision,keep,,,0,0,no,,no,0,,no,,cosmetic,"Color-Chan's palette. 51 roles, 6 holders between them, and the channel that drives it is unusable — @everyone is denied and the one role allowed to view it is denied send, so nobody can run the command. Recommend fixing the door (one overwrite) rather than 51 irreversible deletions; measure in 30 days. Deleting instead also means removing Color-Chan, or it recreates them."
1092632949192675342,Green,colour,decision,keep,,,1,0,no,,no,0,,no,,cosmetic,"Color-Chan's palette. 51 roles, 6 holders between them, and the channel that drives it is unusable — @everyone is denied and the one role allowed to view it is denied send, so nobody can run the command. Recommend fixing the door (one overwrite) rather than 51 irreversible deletions; measure in 30 days. Deleting instead also means removing Color-Chan, or it recreates them."
1092632951977672724,Screamin' Green,colour,decision,keep,,,0,0,no,,no,0,,no,,cosmetic,"Color-Chan's palette. 51 roles, 6 holders between them, and the channel that drives it is unusable — @everyone is denied and the one role allowed to view it is denied send, so nobody can run the command. Recommend fixing the door (one overwrite) rather than 51 irreversible deletions; measure in 30 days. Deleting instead also means removing Color-Chan, or it recreates them."
1092632954381013042,Mint Green,colour,decision,keep,,,0,0,no,,no,0,,no,,cosmetic,"Color-Chan's palette. 51 roles, 6 holders between them, and the channel that drives it is unusable — @everyone is denied and the one role allowed to view it is denied send, so nobody can run the command. Recommend fixing the door (one overwrite) rather than 51 irreversible deletions; measure in 30 days. Deleting instead also means removing Color-Chan, or it recreates them."
1092632956813709422,Spring Green,colour,decision,keep,,,0,0,no,,no,0,,no,,cosmetic,"Color-Chan's palette. 51 roles, 6 holders between them, and the channel that drives it is unusable — @everyone is denied and the one role allowed to view it is denied send, so nobody can run the command. Recommend fixing the door (one overwrite) rather than 51 irreversible deletions; measure in 30 days. Deleting instead also means removing Color-Chan, or it recreates them."
1092632959204470884,Aquamarine,colour,decision,keep,,,0,0,no,,no,0,,no,,cosmetic,"Color-Chan's palette. 51 roles, 6 holders between them, and the channel that drives it is unusable — @everyone is denied and the one role allowed to view it is denied send, so nobody can run the command. Recommend fixing the door (one overwrite) rather than 51 irreversible deletions; measure in 30 days. Deleting instead also means removing Color-Chan, or it recreates them."
1092632961347768350,Aero,colour,decision,keep,,,0,0,no,,no,0,,no,,cosmetic,"Color-Chan's palette. 51 roles, 6 holders between them, and the channel that drives it is unusable — @everyone is denied and the one role allowed to view it is denied send, so nobody can run the command. Recommend fixing the door (one overwrite) rather than 51 irreversible deletions; measure in 30 days. Deleting instead also means removing Color-Chan, or it recreates them."
1092632963583332452,Bright Turquoise,colour,decision,keep,,,1,0,no,,no,0,,no,,cosmetic,"Color-Chan's palette. 51 roles, 6 holders between them, and the channel that drives it is unusable — @everyone is denied and the one role allowed to view it is denied send, so nobody can run the command. Recommend fixing the door (one overwrite) rather than 51 irreversible deletions; measure in 30 days. Deleting instead also means removing Color-Chan, or it recreates them."
1092632965990842419,Aqua,colour,decision,keep,,,0,0,no,,no,0,,no,,cosmetic,"Color-Chan's palette. 51 roles, 6 holders between them, and the channel that drives it is unusable — @everyone is denied and the one role allowed to view it is denied send, so nobody can run the command. Recommend fixing the door (one overwrite) rather than 51 irreversible deletions; measure in 30 days. Deleting instead also means removing Color-Chan, or it recreates them."
1092632968268361799,Fresh Air,colour,decision,keep,,,0,0,no,,no,0,,no,,cosmetic,"Color-Chan's palette. 51 roles, 6 holders between them, and the channel that drives it is unusable — @everyone is denied and the one role allowed to view it is denied send, so nobody can run the command. Recommend fixing the door (one overwrite) rather than 51 irreversible deletions; measure in 30 days. Deleting instead also means removing Color-Chan, or it recreates them."
1092632970470379520,Cyan,colour,decision,keep,,,0,0,no,,no,0,,no,,cosmetic,"Color-Chan's palette. 51 roles, 6 holders between them, and the channel that drives it is unusable — @everyone is denied and the one role allowed to view it is denied send, so nobody can run the command. Recommend fixing the door (one overwrite) rather than 51 irreversible deletions; measure in 30 days. Deleting instead also means removing Color-Chan, or it recreates them."
1092632972626243604,Malibu,colour,decision,keep,,,0,0,no,,no,0,,no,,cosmetic,"Color-Chan's palette. 51 roles, 6 holders between them, and the channel that drives it is unusable — @everyone is denied and the one role allowed to view it is denied send, so nobody can run the command. Recommend fixing the door (one overwrite) rather than 51 irreversible deletions; measure in 30 days. Deleting instead also means removing Color-Chan, or it recreates them."
1092632974773719110,Clear water,colour,decision,keep,,,0,0,no,,no,0,,no,,cosmetic,"Color-Chan's palette. 51 roles, 6 holders between them, and the channel that drives it is unusable — @everyone is denied and the one role allowed to view it is denied send, so nobody can run the command. Recommend fixing the door (one overwrite) rather than 51 irreversible deletions; measure in 30 days. Deleting instead also means removing Color-Chan, or it recreates them."
1092632977311285319,Azure Radiance,colour,decision,keep,,,0,0,no,,no,0,,no,,cosmetic,"Color-Chan's palette. 51 roles, 6 holders between them, and the channel that drives it is unusable — @everyone is denied and the one role allowed to view it is denied send, so nobody can run the command. Recommend fixing the door (one overwrite) rather than 51 irreversible deletions; measure in 30 days. Deleting instead also means removing Color-Chan, or it recreates them."
1092632979639111850,Blueberry,colour,decision,keep,,,1,0,no,,no,0,,no,,cosmetic,"Color-Chan's palette. 51 roles, 6 holders between them, and the channel that drives it is unusable — @everyone is denied and the one role allowed to view it is denied send, so nobody can run the command. Recommend fixing the door (one overwrite) rather than 51 irreversible deletions; measure in 30 days. Deleting instead also means removing Color-Chan, or it recreates them."
1092632981803372624,Anakiwa,colour,decision,keep,,,0,0,no,,no,0,,no,,cosmetic,"Color-Chan's palette. 51 roles, 6 holders between them, and the channel that drives it is unusable — @everyone is denied and the one role allowed to view it is denied send, so nobody can run the command. Recommend fixing the door (one overwrite) rather than 51 irreversible deletions; measure in 30 days. Deleting instead also means removing Color-Chan, or it recreates them."
1092632983934095360,Blue Ribbon,colour,decision,keep,,,0,0,no,,no,0,,no,,cosmetic,"Color-Chan's palette. 51 roles, 6 holders between them, and the channel that drives it is unusable — @everyone is denied and the one role allowed to view it is denied send, so nobody can run the command. Recommend fixing the door (one overwrite) rather than 51 irreversible deletions; measure in 30 days. Deleting instead also means removing Color-Chan, or it recreates them."
1092632986291273758,Indigo,colour,decision,keep,,,0,0,no,,no,0,,no,,cosmetic,"Color-Chan's palette. 51 roles, 6 holders between them, and the channel that drives it is unusable — @everyone is denied and the one role allowed to view it is denied send, so nobody can run the command. Recommend fixing the door (one overwrite) rather than 51 irreversible deletions; measure in 30 days. Deleting instead also means removing Color-Chan, or it recreates them."
1092632988736573521,Melrose,colour,decision,keep,,,0,0,no,,no,0,,no,,cosmetic,"Color-Chan's palette. 51 roles, 6 holders between them, and the channel that drives it is unusable — @everyone is denied and the one role allowed to view it is denied send, so nobody can run the command. Recommend fixing the door (one overwrite) rather than 51 irreversible deletions; measure in 30 days. Deleting instead also means removing Color-Chan, or it recreates them."
1092632990808559626,Blue,colour,decision,keep,,,1,0,no,,no,0,,no,,cosmetic,"Color-Chan's palette. 51 roles, 6 holders between them, and the channel that drives it is unusable — @everyone is denied and the one role allowed to view it is denied send, so nobody can run the command. Recommend fixing the door (one overwrite) rather than 51 irreversible deletions; measure in 30 days. Deleting instead also means removing Color-Chan, or it recreates them."
1092632993052495923,Royal Blue,colour,decision,keep,,,0,0,no,,no,0,,no,,cosmetic,"Color-Chan's palette. 51 roles, 6 holders between them, and the channel that drives it is unusable — @everyone is denied and the one role allowed to view it is denied send, so nobody can run the command. Recommend fixing the door (one overwrite) rather than 51 irreversible deletions; measure in 30 days. Deleting instead also means removing Color-Chan, or it recreates them."
1092632995195785287,Ship Cove,colour,decision,keep,,,0,0,no,,no,0,,no,,cosmetic,"Color-Chan's palette. 51 roles, 6 holders between them, and the channel that drives it is unusable — @everyone is denied and the one role allowed to view it is denied send, so nobody can run the command. Recommend fixing the door (one overwrite) rather than 51 irreversible deletions; measure in 30 days. Deleting instead also means removing Color-Chan, or it recreates them."
1092632997561380955,Electric Violet,colour,decision,keep,,,0,0,no,,no,0,,no,,cosmetic,"Color-Chan's palette. 51 roles, 6 holders between them, and the channel that drives it is unusable — @everyone is denied and the one role allowed to view it is denied send, so nobody can run the command. Recommend fixing the door (one overwrite) rather than 51 irreversible deletions; measure in 30 days. Deleting instead also means removing Color-Chan, or it recreates them."
1092633000421904544,Heliotrope,colour,decision,keep,,,0,0,no,,no,0,,no,,cosmetic,"Color-Chan's palette. 51 roles, 6 holders between them, and the channel that drives it is unusable — @everyone is denied and the one role allowed to view it is denied send, so nobody can run the command. Recommend fixing the door (one overwrite) rather than 51 irreversible deletions; measure in 30 days. Deleting instead also means removing Color-Chan, or it recreates them."
1092633003492126780,Mauve,colour,decision,keep,,,0,0,no,,no,0,,no,,cosmetic,"Color-Chan's palette. 51 roles, 6 holders between them, and the channel that drives it is unusable — @everyone is denied and the one role allowed to view it is denied send, so nobody can run the command. Recommend fixing the door (one overwrite) rather than 51 irreversible deletions; measure in 30 days. Deleting instead also means removing Color-Chan, or it recreates them."
1092633005752864859,Violet,colour,decision,keep,,,1,0,no,,no,0,,no,,cosmetic,"Color-Chan's palette. 51 roles, 6 holders between them, and the channel that drives it is unusable — @everyone is denied and the one role allowed to view it is denied send, so nobody can run the command. Recommend fixing the door (one overwrite) rather than 51 irreversible deletions; measure in 30 days. Deleting instead also means removing Color-Chan, or it recreates them."
1092633008277827647,Amethyst,colour,decision,keep,,,0,0,no,,no,0,,no,,cosmetic,"Color-Chan's palette. 51 roles, 6 holders between them, and the channel that drives it is unusable — @everyone is denied and the one role allowed to view it is denied send, so nobody can run the command. Recommend fixing the door (one overwrite) rather than 51 irreversible deletions; measure in 30 days. Deleting instead also means removing Color-Chan, or it recreates them."
1092633011016699995,East Side,colour,decision,keep,,,0,0,no,,no,0,,no,,cosmetic,"Color-Chan's palette. 51 roles, 6 holders between them, and the channel that drives it is unusable — @everyone is denied and the one role allowed to view it is denied send, so nobody can run the command. Recommend fixing the door (one overwrite) rather than 51 irreversible deletions; measure in 30 days. Deleting instead also means removing Color-Chan, or it recreates them."
1092633013369712660,Magenta,colour,decision,keep,,,0,0,no,,no,0,,no,,cosmetic,"Color-Chan's palette. 51 roles, 6 holders between them, and the channel that drives it is unusable — @everyone is denied and the one role allowed to view it is denied send, so nobody can run the command. Recommend fixing the door (one overwrite) rather than 51 irreversible deletions; measure in 30 days. Deleting instead also means removing Color-Chan, or it recreates them."
1092633015466860564,Pink Flamingo,colour,decision,keep,,,0,0,no,,no,0,,no,,cosmetic,"Color-Chan's palette. 51 roles, 6 holders between them, and the channel that drives it is unusable — @everyone is denied and the one role allowed to view it is denied send, so nobody can run the command. Recommend fixing the door (one overwrite) rather than 51 irreversible deletions; measure in 30 days. Deleting instead also means removing Color-Chan, or it recreates them."
1092633018222514236,Lavender Rose,colour,decision,keep,,,0,0,no,,no,0,,no,,cosmetic,"Color-Chan's palette. 51 roles, 6 holders between them, and the channel that drives it is unusable — @everyone is denied and the one role allowed to view it is denied send, so nobody can run the command. Recommend fixing the door (one overwrite) rather than 51 irreversible deletions; measure in 30 days. Deleting instead also means removing Color-Chan, or it recreates them."
1092633020722331738,Hollywood Cerise,colour,decision,keep,,,0,0,no,,no,0,,no,,cosmetic,"Color-Chan's palette. 51 roles, 6 holders between them, and the channel that drives it is unusable — @everyone is denied and the one role allowed to view it is denied send, so nobody can run the command. Recommend fixing the door (one overwrite) rather than 51 irreversible deletions; measure in 30 days. Deleting instead also means removing Color-Chan, or it recreates them."
1092633022953705502,Hot Pink,colour,decision,keep,,,0,0,no,,no,0,,no,,cosmetic,"Color-Chan's palette. 51 roles, 6 holders between them, and the channel that drives it is unusable — @everyone is denied and the one role allowed to view it is denied send, so nobody can run the command. Recommend fixing the door (one overwrite) rather than 51 irreversible deletions; measure in 30 days. Deleting instead also means removing Color-Chan, or it recreates them."
1092633025411563571,Cotton Candy,colour,decision,keep,,,0,0,no,,no,0,,no,,cosmetic,"Color-Chan's palette. 51 roles, 6 holders between them, and the channel that drives it is unusable — @everyone is denied and the one role allowed to view it is denied send, so nobody can run the command. Recommend fixing the door (one overwrite) rather than 51 irreversible deletions; measure in 30 days. Deleting instead also means removing Color-Chan, or it recreates them."
1140377116370804756,Member of the Month,supporter,delete,,,,0,0,no,"R2 — confirm the overwrite is redundant, then delete",yes,1,💎〢supporters,no,,cosmetic,"Zero holders, hoisted, +view on 💎〢supporters. A monthly award that has never been given."
1105879962499690549,Wick,bot,untouchable,,,,0,0,no,,no,0,,no,,bot,Owned by a bot integration. Discord will not let us delete it; it goes when the bot goes (TWO-42).
1101315895390900295,⠀⠀⠀⠀⠀⠀⠀MANAGERIAL RANKS⠀⠀⠀⠀⠀⠀⠀⠀⠀,separator,delete,,,,7,0,"no — decoration, nothing to restore",R4b — separator,no,0,,no,,cosmetic,"Not hoisted, so they draw no line in the member sidebar — the only thing they were built to do. What they actually do is render as gibberish pills on up to 47 member profiles and pad the roles list. Zero permissions, zero overwrites."
1078757544169848933,Officer,staff,keep,,,,3,0,no,,yes,6,📜〢mod-logs | TWO | LEADERSHIP | staff-applications | 🔺〢admin-chat | 🤖〢bot-commands | 🎧〢Quads [1],no,,has-permissions,"Ban/kick + 3 holders + 6 channel overwrites. Who moderates is a CEO call, out of scope here."
1078757334504976384,Legate,staff,delete,,,,0,0,no,"R2 — confirm the overwrite is redundant, then delete",yes,4,TWO | LEADERSHIP | staff-applications | 🤖〢bot-commands | 🎧〢Quads [1],no,,has-permissions,"Zero holders. Captain/Lieutenant carry ban+kick; Legate is a hoisted empty rank. All three grant +view on LEADERSHIP, staff-applications and bot-commands — every one of those grants is duplicated by Officer, Game Master and SySOp, who do have holders. Repoint nothing, lose nothing."
1078757266469175386,Game Master,staff,keep,,,,1,0,no,,yes,4,TWO | LEADERSHIP | staff-applications | 🤖〢bot-commands | 🎧〢Quads [1],no,,has-permissions,"Ban/kick + 1 holder, gates LEADERSHIP. Same reason as Officer."
1078757184021733426,Captain,staff,delete,,,,0,0,no,"R2 — confirm the overwrite is redundant, then delete",yes,4,TWO | LEADERSHIP | staff-applications | 🤖〢bot-commands | 🎧〢Quads [1],no,,has-permissions,"Zero holders. Captain/Lieutenant carry ban+kick; Legate is a hoisted empty rank. All three grant +view on LEADERSHIP, staff-applications and bot-commands — every one of those grants is duplicated by Officer, Game Master and SySOp, who do have holders. Repoint nothing, lose nothing."
1078756990710452365,Lieutenant,staff,delete,,,,0,0,no,"R2 — confirm the overwrite is redundant, then delete",yes,4,TWO | LEADERSHIP | staff-applications | 🤖〢bot-commands | 🎧〢Quads [1],no,,has-permissions,"Zero holders. Captain/Lieutenant carry ban+kick; Legate is a hoisted empty rank. All three grant +view on LEADERSHIP, staff-applications and bot-commands — every one of those grants is duplicated by Officer, Game Master and SySOp, who do have holders. Repoint nothing, lose nothing."
1101312355608035398,⠀⠀⠀⠀⠀⠀⠀⠀⠀⠀SUPPORTERS⠀⠀⠀⠀⠀⠀⠀⠀⠀⠀⠀,separator,delete,,,,46,0,"no — decoration, nothing to restore","R4a — separator, onboarding-granted",no,0,,yes,Where are you located? → Europe | Where are you located? → North America | Where are you located? → South America | Where are you located? → Asia | Where are you located? → Africa | Where are you located? → Oceania,cosmetic,"Not hoisted, so they draw no line in the member sidebar — the only thing they were built to do. What they actually do is render as gibberish pills on up to 47 member profiles and pad the roles list. Zero permissions, zero overwrites."
1112811366944874536,Titanium Titan,supporter,delete,,,,0,0,no,"R2 — confirm the overwrite is redundant, then delete",yes,2,🎉〢subscriber-rewards | 💎〢supporters,no,,has-permissions,"Ten hoisted paid tiers, zero holders in all ten. Each grants +view on 💎〢supporters and 🎉〢subscriber-rewards; the survivor covers both. A ten-tier pricing ladder for a product with no customers."
1112811276771528855,Diamond Defender,supporter,delete,,,,0,0,no,"R2 — confirm the overwrite is redundant, then delete",yes,2,🎉〢subscriber-rewards | 💎〢supporters,no,,has-permissions,"Ten hoisted paid tiers, zero holders in all ten. Each grants +view on 💎〢supporters and 🎉〢subscriber-rewards; the survivor covers both. A ten-tier pricing ladder for a product with no customers."
1112810451785498654,Ruby Royalty,supporter,delete,,,,0,0,no,"R2 — confirm the overwrite is redundant, then delete",yes,2,🎉〢subscriber-rewards | 💎〢supporters,no,,has-permissions,"Ten hoisted paid tiers, zero holders in all ten. Each grants +view on 💎〢supporters and 🎉〢subscriber-rewards; the survivor covers both. A ten-tier pricing ladder for a product with no customers."
1112809780222906509,Emerald Elite,supporter,delete,,,,0,0,no,"R2 — confirm the overwrite is redundant, then delete",yes,2,🎉〢subscriber-rewards | 💎〢supporters,no,,has-permissions,"Ten hoisted paid tiers, zero holders in all ten. Each grants +view on 💎〢supporters and 🎉〢subscriber-rewards; the survivor covers both. A ten-tier pricing ladder for a product with no customers."
1112809656885202974,Platinum Player,supporter,delete,,,,0,0,no,"R2 — confirm the overwrite is redundant, then delete",yes,2,🎉〢subscriber-rewards | 💎〢supporters,no,,has-permissions,"Ten hoisted paid tiers, zero holders in all ten. Each grants +view on 💎〢supporters and 🎉〢subscriber-rewards; the survivor covers both. A ten-tier pricing ladder for a product with no customers."
1112809538396098720,Gold Gamer,supporter,delete,,,,0,0,no,"R2 — confirm the overwrite is redundant, then delete",yes,2,🎉〢subscriber-rewards | 💎〢supporters,no,,has-permissions,"Ten hoisted paid tiers, zero holders in all ten. Each grants +view on 💎〢supporters and 🎉〢subscriber-rewards; the survivor covers both. A ten-tier pricing ladder for a product with no customers."
1112809426349457459,Silver Sentinel,supporter,delete,,,,0,0,no,"R2 — confirm the overwrite is redundant, then delete",yes,2,🎉〢subscriber-rewards | 💎〢supporters,no,,has-permissions,"Ten hoisted paid tiers, zero holders in all ten. Each grants +view on 💎〢supporters and 🎉〢subscriber-rewards; the survivor covers both. A ten-tier pricing ladder for a product with no customers."
1112809331398815824,Iron Insider,supporter,delete,,,,0,0,no,"R2 — confirm the overwrite is redundant, then delete",yes,2,🎉〢subscriber-rewards | 💎〢supporters,no,,has-permissions,"Ten hoisted paid tiers, zero holders in all ten. Each grants +view on 💎〢supporters and 🎉〢subscriber-rewards; the survivor covers both. A ten-tier pricing ladder for a product with no customers."
1112809226427957379,Bronze Battler,supporter,delete,,,,0,0,no,"R2 — confirm the overwrite is redundant, then delete",yes,2,🎉〢subscriber-rewards | 💎〢supporters,no,,has-permissions,"Ten hoisted paid tiers, zero holders in all ten. Each grants +view on 💎〢supporters and 🎉〢subscriber-rewards; the survivor covers both. A ten-tier pricing ladder for a product with no customers."
1112801161163055255,Copper Club,supporter,delete,,,,0,0,no,"R2 — confirm the overwrite is redundant, then delete",yes,2,🎉〢subscriber-rewards | 💎〢supporters,no,,has-permissions,"Ten hoisted paid tiers, zero holders in all ten. Each grants +view on 💎〢supporters and 🎉〢subscriber-rewards; the survivor covers both. A ten-tier pricing ladder for a product with no customers."
1051260096333750322,Benefactors,supporter,delete,,,,0,0,no,"R2 — confirm the overwrite is redundant, then delete",yes,1,💎〢supporters,no,,has-permissions,"Older three-tier version of the same ladder. Zero holders, one overwrite each, superseded by the survivor."
1051260362873385000,Backers,supporter,delete,,,,0,0,no,"R2 — confirm the overwrite is redundant, then delete",yes,1,💎〢supporters,no,,has-permissions,"Older three-tier version of the same ladder. Zero holders, one overwrite each, superseded by the survivor."
1051260579022643281,Subscribers,supporter,delete,,,,0,0,no,"R2 — confirm the overwrite is redundant, then delete",yes,1,💎〢supporters,no,,has-permissions,"Older three-tier version of the same ladder. Zero holders, one overwrite each, superseded by the survivor."
1051260775995551784,Supporters,supporter,keep,,,,0,0,no,,yes,1,💎〢supporters,no,,has-permissions,Kept as the single supporter role. Its view overwrite on 💎〢supporters already exists; add the same on 🎉〢subscriber-rewards before the tiers below are deleted.
1009516637600370719,Server Booster,bot,untouchable,,,,2,0,no,,yes,1,💎〢supporters,no,,bot,Owned by a bot integration. Discord will not let us delete it; it goes when the bot goes (TWO-42).
1092823497924956300,LFC Upvoter,colour,keep,,,,6,0,no,,no,1,🌈〢color-change,no,,has-permissions,"6 holders and the only role that can see 🌈〢color-change. If the colour feature is fixed rather than removed, this is the door."
1078863839199772702,Live,supporter,delete,,,,0,0,no,"R1 — dead weight, no holders, no wiring",yes,0,,no,,cosmetic,"Zero holders. A hoisted ""currently live"" role that nothing sets. Streamer covers the concept."
1101315995764805712,⠀⠀⠀⠀⠀⠀⠀RECREATIONAL RANKS⠀⠀⠀⠀⠀⠀⠀⠀,separator,delete,,,,46,0,"no — decoration, nothing to restore","R4a — separator, onboarding-granted",no,0,,yes,Where are you located? → Europe | Where are you located? → North America | Where are you located? → South America | Where are you located? → Asia | Where are you located? → Africa | Where are you located? → Oceania,cosmetic,"Not hoisted, so they draw no line in the member sidebar — the only thing they were built to do. What they actually do is render as gibberish pills on up to 47 member profiles and pad the roles list. Zero permissions, zero overwrites."
448587293154869250,Founders,rank,keep,,,,5,0,no,,yes,0,,no,,cosmetic,"Heritage badge, 5 holders, hoisted. Costs one sidebar group and buys goodwill. Un-hoisting is the cheap option if the sidebar needs shortening."
1104855809323696208,Unverified,lifecycle,keep,,,,4,0,no,,no,56,📢〢announcements | 💬〢general | TWO | GAMES | 💤 AFK | 🎶〢music | TWO | SOCIAL,no,,cosmetic,DO NOT TOUCH. Deny-view overwrite on 55 channels. Deleting it opens 55 channels to its 4 holders.
1078756016071659605,Legend,rank,keep,,,,6,0,no,,yes,0,,no,,has-permissions,"The activity ladder, 30 people between them. What the tiers should mean is a CEO call (issue scope)."
1078755949814231160,Veteran,rank,keep,,,,7,0,no,,yes,0,,no,,has-permissions,"The activity ladder, 30 people between them. What the tiers should mean is a CEO call (issue scope)."
1078755880343965777,Soldier,rank,keep,,,,17,0,no,,yes,0,,no,,has-permissions,"The activity ladder, 30 people between them. What the tiers should mean is a CEO call (issue scope)."
1078755666191188029,Luminary,rank,merge,,1078755185423286372,Member,1,1,yes — to verify every holder got the survivor,"R5 — regrant survivor, verify, then delete",yes,0,,no,,has-permissions,"A second, parallel rank ladder (Initiate/Maven/Luminary) with 5 holders total, duplicating Prospect→Member→Soldier. Grant Member to any holder who lacks it, then delete."
1078755594950955189,Maven,rank,merge,,1078755185423286372,Member,3,3,yes — to verify every holder got the survivor,"R5 — regrant survivor, verify, then delete",yes,0,,no,,has-permissions,"A second, parallel rank ladder (Initiate/Maven/Luminary) with 5 holders total, duplicating Prospect→Member→Soldier. Grant Member to any holder who lacks it, then delete."
1052647673724944484,Initiate,rank,merge,,1078755185423286372,Member,1,1,yes — to verify every holder got the survivor,"R5 — regrant survivor, verify, then delete",yes,0,,no,,has-permissions,"A second, parallel rank ladder (Initiate/Maven/Luminary) with 5 holders total, duplicating Prospect→Member→Soldier. Grant Member to any holder who lacks it, then delete."
1078755185423286372,Member,rank,keep,,,,41,0,no,,yes,36,📢〢announcements | 💬〢general | 💤 AFK | TWO | SOCIAL | 🚗〢automobiles | ⚽〢sports,no,,has-permissions,41 holders and 36 channel overwrites. The single most load-bearing role after @everyone.
1144789677057003636,Prospect,rank,keep,,,,51,0,no,,yes,0,,yes,Where are you located? → Europe | Where are you located? → North America | Where are you located? → South America | Where are you located? → Asia | Where are you located? → Africa | Where are you located? → Oceania,cosmetic,Most-held real role in the server (51). Onboarding grants it.
448584234907729940,TWO.gg Member,rank,merge,,1078755185423286372,Member,2,2,yes — to verify every holder got the survivor,"R5 — regrant survivor, verify, then delete",no,0,,no,,has-permissions,"Legacy TWO.gg-era badge, 2 holders, not hoisted, no wiring. Grant Member if absent, then delete."
1101314731089862778,⠀⠀⠀⠀⠀⠀⠀⠀⠀⠀⠀⠀STATUS⠀⠀⠀⠀⠀⠀⠀⠀⠀⠀⠀⠀,separator,delete,,,,47,0,"no — decoration, nothing to restore","R4a — separator, onboarding-granted",no,0,,yes,Where are you located? → Europe | Where are you located? → North America | Where are you located? → South America | Where are you located? → Asia | Where are you located? → Africa | Where are you located? → Oceania,cosmetic,"Not hoisted, so they draw no line in the member sidebar — the only thing they were built to do. What they actually do is render as gibberish pills on up to 47 member profiles and pad the roles list. Zero permissions, zero overwrites."
1080508643558047754,Participant,event,delete,,,,5,0,yes — rollback,"R6 — export holders, announce, then delete",no,0,,no,,cosmetic,"5 holders, no wiring. An event badge from a finished event. Export the five, then delete."
1101170473108242452,⠀⠀⠀⠀⠀⠀⠀⠀⠀⠀⠀PLATFORMS⠀⠀⠀⠀⠀⠀⠀⠀⠀⠀⠀,separator,delete,,,,47,0,"no — decoration, nothing to restore","R4a — separator, onboarding-granted",no,0,,yes,What platforms do you game on? → PC | What platforms do you game on? → Xbox | What platforms do you game on? → Playstation | What platforms do you game on? → Switch | What platforms do you game on? → Mobile,cosmetic,"Not hoisted, so they draw no line in the member sidebar — the only thing they were built to do. What they actually do is render as gibberish pills on up to 47 member profiles and pad the roles list. Zero permissions, zero overwrites."
1092247753574330458,PC,platform,keep,,,,27,0,no,,no,0,,yes,What platforms do you game on? → PC,cosmetic,"Onboarding-granted, 65 holders across the five, and the only ""what hardware do you own"" signal we have for matchmaking members into voice."
1087930995875008522,Xbox,platform,keep,,,,14,0,no,,no,0,,yes,What platforms do you game on? → Xbox,cosmetic,"Onboarding-granted, 65 holders across the five, and the only ""what hardware do you own"" signal we have for matchmaking members into voice."
1087931108945039470,Playstation,platform,keep,,,,6,0,no,,no,0,,yes,What platforms do you game on? → Playstation,cosmetic,"Onboarding-granted, 65 holders across the five, and the only ""what hardware do you own"" signal we have for matchmaking members into voice."
1092248449786855595,Switch,platform,keep,,,,10,0,no,,no,0,,yes,What platforms do you game on? → Switch,cosmetic,"Onboarding-granted, 65 holders across the five, and the only ""what hardware do you own"" signal we have for matchmaking members into voice."
1092250849717264475,Mobile,platform,keep,,,,8,0,no,,no,0,,yes,What platforms do you game on? → Mobile,cosmetic,"Onboarding-granted, 65 holders across the five, and the only ""what hardware do you own"" signal we have for matchmaking members into voice."
1092570654349475863,Color-Chan,bot,untouchable,,,,0,0,no,,no,0,,no,,bot,Owned by a bot integration. Discord will not let us delete it; it goes when the bot goes (TWO-42).
1051273169782181923,carl-bot,bot,untouchable,,,,0,0,no,,no,0,,no,,bot,Owned by a bot integration. Discord will not let us delete it; it goes when the bot goes (TWO-42).
1078424166212055174,Statbot,bot,untouchable,,,,0,0,no,,no,0,,no,,bot,Owned by a bot integration. Discord will not let us delete it; it goes when the bot goes (TWO-42).
1063280360676409405,Streamer,social,keep,,,,2,0,no,,no,0,,no,,cosmetic,2 holders and it is the target for the go-live alerts on the roadmap. Keeping a role we are about to wire up.
448890318989819904,TWO,staff,delete,,,,0,0,no,"R1 — dead weight, no holders, no wiring",no,0,,no,,has-permissions,"Mention Everyone, zero holders, zero overwrites. Two spare ways to ping the whole server."
465229022130077697,Graphic Designer,staff,delete,,,,0,0,no,"R1 — dead weight, no holders, no wiring",yes,0,,no,,has-permissions,"Mention Everyone, zero holders, zero overwrites. Two spare ways to ping the whole server."
1063245872328081439,Pokemon,game,delete,,,,0,0,no,"R1 — dead weight, no holders, no wiring",no,0,,no,,cosmetic,"Zero holders, no channel, not in onboarding. Dead game roles from 2023."
1101297337919340585,⠀⠀⠀⠀⠀⠀⠀⠀⠀⠀⠀⠀⠀GAMES⠀⠀⠀⠀⠀⠀⠀⠀⠀⠀⠀⠀,separator,delete,,,,24,0,"no — decoration, nothing to restore",R4b — separator,no,0,,no,,cosmetic,"Not hoisted, so they draw no line in the member sidebar — the only thing they were built to do. What they actually do is render as gibberish pills on up to 47 member profiles and pad the roles list. Zero permissions, zero overwrites."
1051272877871222915,Shooter Games,game,keep,,,,27,0,no,,no,0,,yes,What type of games do you play? → Shooters,cosmetic,The three games with a channel and 44 holders between them. TWO-14 Wave 0 finally wires the doors open.
1055496084434206852,Automobiles,interest,delete,,,,0,0,no,"R1 — dead weight, no holders, no wiring",no,0,,no,,has-permissions,"Zero holders. The ""What interests you?"" prompt grants a *channel*, not these roles — role_ids is empty on every one of its options, so these have been orphans since the prompt was written."
1055499052801855528,Music,interest,delete,,,,1,0,yes — rollback,"R6 — export holders, announce, then delete",no,0,,no,,cosmetic,"One holder each, no channel, no prompt, no permissions. Export the two holders, then delete."
1055499317361782864,Movies & TV,interest,delete,,,,0,0,no,R3 — edit the onboarding option first,no,0,,yes,What interests you? → Movies / TV,cosmetic,"Zero holders. The one interest role the prompt does still grant, which is why the prompt option must be edited before it goes."
1055499328195666022,Sports,interest,delete,,,,0,0,no,"R1 — dead weight, no holders, no wiring",no,0,,no,,cosmetic,"Zero holders. The ""What interests you?"" prompt grants a *channel*, not these roles — role_ids is empty on every one of its options, so these have been orphans since the prompt was written."
1056439099701076008,guns,interest,delete,,,,1,0,yes — rollback,"R6 — export holders, announce, then delete",no,0,,no,,has-permissions,"One holder each, no channel, no prompt, no permissions. Export the two holders, then delete."
1063252694543913020,Books,interest,delete,,,,0,0,no,"R1 — dead weight, no holders, no wiring",no,0,,no,,cosmetic,"Zero holders. The ""What interests you?"" prompt grants a *channel*, not these roles — role_ids is empty on every one of its options, so these have been orphans since the prompt was written."
1063252753255776256,Coding,interest,delete,,,,0,0,no,"R1 — dead weight, no holders, no wiring",no,0,,no,,cosmetic,"Zero holders. The ""What interests you?"" prompt grants a *channel*, not these roles — role_ids is empty on every one of its options, so these have been orphans since the prompt was written."
1063252816967249940,GFX,interest,delete,,,,0,0,no,"R1 — dead weight, no holders, no wiring",no,0,,no,,cosmetic,"Zero holders. The ""What interests you?"" prompt grants a *channel*, not these roles — role_ids is empty on every one of its options, so these have been orphans since the prompt was written."
1063255307410739241,Retro Games,game,delete,,,,0,0,no,"R1 — dead weight, no holders, no wiring",no,0,,no,,cosmetic,"Zero holders, no channel, not in onboarding. Dead game roles from 2023."
1063255343884406864,Tabletop Games,game,delete,,,,0,0,no,"R1 — dead weight, no holders, no wiring",no,0,,no,,cosmetic,"Zero holders, no channel, not in onboarding. Dead game roles from 2023."
1063330746242191372,PatchBot,bot,untouchable,,,,0,0,no,,no,1,📰〢patches,no,,bot,Owned by a bot integration. Discord will not let us delete it; it goes when the bot goes (TWO-42).
1065438198316138507,warthunder,game,delete,,,,0,0,no,"R1 — dead weight, no holders, no wiring",no,0,,no,,cosmetic,"Zero holders, no channel, not in onboarding. Dead game roles from 2023."
1065438396069191700,fallguys,game,delete,,,,0,0,no,"R1 — dead weight, no holders, no wiring",no,0,,no,,cosmetic,"Zero holders, no channel, not in onboarding. Dead game roles from 2023."
1065438504521322526,rocketleague,game,delete,,,,0,0,no,"R1 — dead weight, no holders, no wiring",no,0,,no,,cosmetic,"Zero holders, no channel, not in onboarding. Dead game roles from 2023."
1065438630253953044,new role,junk,delete,,,,0,0,no,"R1 — dead weight, no holders, no wiring",no,0,,no,,cosmetic,"Literally named ""new role"". Zero holders, zero everything."
1078084405026889750,Referral Contest Winner,event,delete,,,,0,0,no,"R1 — dead weight, no holders, no wiring",no,0,,no,,cosmetic,Zero holders. Contest ended.
1084500694423318558,new role,junk,delete,,,,0,0,no,"R1 — dead weight, no holders, no wiring",no,0,,no,,cosmetic,"Literally named ""new role"". Zero holders, zero everything."
1087192823767515219,Staff,staff,keep,,,,6,0,no,,no,6,📜〢mod-logs | 📌〢staff-announcements | 🔧〢updates-and-changes | 📝〢staff-chat | 🌀〢moderator-chat | 📝〢staff-away,no,,has-permissions,"Ban/kick + 6 holders, gates the 6 staff channels. Same reason as Officer."
1101306065246752768,⠀⠀⠀⠀⠀⠀⠀⠀⠀⠀⠀LOCATION⠀⠀⠀⠀⠀⠀⠀⠀⠀⠀⠀⠀,separator,delete,,,,42,0,"no — decoration, nothing to restore","R4a — separator, onboarding-granted",no,0,,yes,Where are you located? → Europe | Where are you located? → North America | Where are you located? → South America | Where are you located? → Asia | Where are you located? → Africa | Where are you located? → Oceania,cosmetic,"Not hoisted, so they draw no line in the member sidebar — the only thing they were built to do. What they actually do is render as gibberish pills on up to 47 member profiles and pad the roles list. Zero permissions, zero overwrites."
1087897546741006456,North America,location,keep,,,,28,0,no,,no,0,,yes,Where are you located? → North America,cosmetic,"Onboarding-granted, 34 holders. Timezone is what makes a voice room have anyone in it. TWO-14 already makes the prompt optional rather than removing it."
1087897623538704475,Europe,location,keep,,,,1,0,no,,no,0,,yes,Where are you located? → Europe,cosmetic,"Onboarding-granted, 34 holders. Timezone is what makes a voice room have anyone in it. TWO-14 already makes the prompt optional rather than removing it."
1087897738265509938,South America,location,keep,,,,1,0,no,,no,0,,yes,Where are you located? → South America,cosmetic,"Onboarding-granted, 34 holders. Timezone is what makes a voice room have anyone in it. TWO-14 already makes the prompt optional rather than removing it."
1087897790681731122,Asia,location,keep,,,,3,0,no,,no,0,,yes,Where are you located? → Asia,cosmetic,"Onboarding-granted, 34 holders. Timezone is what makes a voice room have anyone in it. TWO-14 already makes the prompt optional rather than removing it."
1087897935045476402,Africa,location,delete,,,,0,0,no,R3 — edit the onboarding option first,no,0,,yes,Where are you located? → Africa,cosmetic,"Zero holders. Onboarding grants it, so the prompt option goes first."
1087898062669750353,Oceania,location,keep,,,,1,0,no,,no,0,,yes,Where are you located? → Oceania,cosmetic,"Onboarding-granted, 34 holders. Timezone is what makes a voice room have anyone in it. TWO-14 already makes the prompt optional rather than removing it."
1087930764974358568,Twitch,social,delete,,,,0,0,no,"R1 — dead weight, no holders, no wiring",no,0,,no,,cosmetic,"Zero holders, no channel, no prompt. ""I have a Steam account"" is not information a 84-member server can act on."
1087930859346206740,TikTok,bot,untouchable,,,,0,0,no,,no,0,,no,,bot,Owned by a bot integration. Discord will not let us delete it; it goes when the bot goes (TWO-42).
1087930904866979931,Steam,social,delete,,,,0,0,no,"R1 — dead weight, no holders, no wiring",no,0,,no,,cosmetic,"Zero holders, no channel, no prompt. ""I have a Steam account"" is not information a 84-member server can act on."
1087931620964708392,League of Legends,bot,untouchable,,,,0,0,no,,no,0,,no,,bot,Owned by a bot integration. Discord will not let us delete it; it goes when the bot goes (TWO-42).
1087931680985194496,Battle.net,bot,untouchable,,,,0,0,no,,no,0,,no,,bot,Owned by a bot integration. Discord will not let us delete it; it goes when the bot goes (TWO-42).
1087931739126628353,Epic Games,social,delete,,,,0,0,no,"R1 — dead weight, no holders, no wiring",no,0,,no,,cosmetic,"Zero holders, no channel, no prompt. ""I have a Steam account"" is not information a 84-member server can act on."
1087931795347099748,Riot Games,social,delete,,,,0,0,no,"R1 — dead weight, no holders, no wiring",no,0,,no,,cosmetic,"Zero holders, no channel, no prompt. ""I have a Steam account"" is not information a 84-member server can act on."
1087931842432356373,Reddit,social,delete,,,,0,0,no,"R1 — dead weight, no holders, no wiring",no,0,,no,,cosmetic,"Zero holders, no channel, no prompt. ""I have a Steam account"" is not information a 84-member server can act on."
1087931915933323329,Instagram,social,delete,,,,0,0,no,"R1 — dead weight, no holders, no wiring",no,0,,no,,cosmetic,"Zero holders, no channel, no prompt. ""I have a Steam account"" is not information a 84-member server can act on."
1087931959864471612,Twitter,bot,untouchable,,,,0,0,no,,no,0,,no,,bot,Owned by a bot integration. Discord will not let us delete it; it goes when the bot goes (TWO-42).
1087932006278647908,Facebook,bot,untouchable,,,,0,0,no,,no,0,,no,,bot,Owned by a bot integration. Discord will not let us delete it; it goes when the bot goes (TWO-42).
1087932058388664350,Youtube,bot,untouchable,,,,0,0,no,,no,0,,no,,bot,Owned by a bot integration. Discord will not let us delete it; it goes when the bot goes (TWO-42).
1087932662519443546,Spotify,bot,untouchable,,,,1,0,no,,no,0,,no,,bot,Owned by a bot integration. Discord will not let us delete it; it goes when the bot goes (TWO-42).
1088287410632261642,DiscordServers.com,bot,untouchable,,,,0,0,no,,no,0,,no,,bot,Owned by a bot integration. Discord will not let us delete it; it goes when the bot goes (TWO-42).
1101297505179816017,⠀⠀⠀⠀⠀⠀⠀⠀⠀NOTIFICATIONS⠀⠀⠀⠀⠀⠀⠀⠀⠀⠀,separator,delete,,,,46,0,"no — decoration, nothing to restore","R4a — separator, onboarding-granted",no,0,,yes,What notifacations do you want? → Community News | What notifacations do you want? → Events & Giveaways | What notifacations do you want? → Welcome Team | What notifacations do you want? → DM's Open | What notifacations do you want? → DM's Closed,cosmetic,"Not hoisted, so they draw no line in the member sidebar — the only thing they were built to do. What they actually do is render as gibberish pills on up to 47 member profiles and pad the roles list. Zero permissions, zero overwrites."
1088981961789415546,LFG,notify,keep,,,,6,0,no,,no,0,,no,,cosmetic,Live opt-in pings — 61 holders across the four. These are the only permissioned way to reach members without mass-DMing them.
1088982029523226728,News,notify,keep,,,,24,0,no,,no,0,,yes,What notifacations do you want? → Community News,cosmetic,Live opt-in pings — 61 holders across the four. These are the only permissioned way to reach members without mass-DMing them.
1088982099375181864,Events & Giveaways,notify,keep,,,,18,0,no,,no,0,,yes,What notifacations do you want? → Events & Giveaways,cosmetic,Live opt-in pings — 61 holders across the four. These are the only permissioned way to reach members without mass-DMing them.
1088982263292756059,DM's Open,notify,keep,,,,17,0,no,,no,0,,yes,What notifacations do you want? → DM's Open,cosmetic,"KEEP BOTH, and this is deliberate. DM's Closed looks redundant (closed is the default) but it is 10 members' recorded opt-out of being messaged. Deleting it destroys a consent record, and the first re-engagement DM we ever send would then hit people who asked us not to."
1088982372122374185,DM's Closed,notify,keep,,,,10,0,no,,no,0,,yes,What notifacations do you want? → DM's Closed,cosmetic,"KEEP BOTH, and this is deliberate. DM's Closed looks redundant (closed is the default) but it is 10 members' recorded opt-out of being messaged. Deleting it destroys a consent record, and the first re-engagement DM we ever send would then hit people who asked us not to."
1090627565934366863,Gold Role,supporter,delete,,,,0,0,no,"R1 — dead weight, no holders, no wiring",no,0,,no,,cosmetic,"Zero holders, no colour wiring, no overwrites. Name suggests it was a duplicate of a supporter tier."
1090651387236450416,Welcome Team,notify,keep,,,,13,0,no,,no,0,,yes,What notifacations do you want? → Welcome Team,cosmetic,Live opt-in pings — 61 holders across the four. These are the only permissioned way to reach members without mass-DMing them.
1101297643503767582,⠀⠀⠀⠀⠀⠀⠀⠀⠀⠀⠀CHAT RANK⠀⠀⠀⠀⠀⠀⠀⠀⠀⠀⠀,separator,delete,,,,24,0,"no — decoration, nothing to restore","R4a — separator, onboarding-granted",no,0,,yes,Hidden Channel Access → NSFW Channel Access,cosmetic,"Not hoisted, so they draw no line in the member sidebar — the only thing they were built to do. What they actually do is render as gibberish pills on up to 47 member profiles and pad the roles list. Zero permissions, zero overwrites."
1094046641008418816,NSFW,access,keep,,,,10,0,no,,no,1,🔞〢nsfw,yes,Hidden Channel Access → NSFW Channel Access,cosmetic,"10 holders, +view on 🔞〢nsfw. It is the age-gate on the one age-gated channel."
1103318655728627827,StickyBot,bot,untouchable,,,,0,0,no,,no,0,,no,,bot,Owned by a bot integration. Discord will not let us delete it; it goes when the bot goes (TWO-42).
1112759027554844763,Ticket Manager,staff,keep,,,,7,0,no,,no,8,🎫【 CLAIMED TICKETS 】🎫 | 🎫【 CLOSED TICKETS 】🎫 | 5-microuxys4545 | 6-pisnrzrs-segunpeace9185 | 9-pisnrzrs-bawrzy | ticket-faq,no,,cosmetic,Load-bearing: view+send on 8 ticket channels. The ticket system runs on it.
1113180728381931630,Spectator,lifecycle,keep,,,,32,0,no,,no,0,,no,,cosmetic,"32 holders, no permissions, no wiring, unknown grantor. Too many people to delete on a guess in wave 1. Revisit once the bot audit (TWO-42) says what issues it."
1115004404949590116,Suggestions Bot,bot,untouchable,,,,0,0,no,,no,0,,no,,bot,Owned by a bot integration. Discord will not let us delete it; it goes when the bot goes (TWO-42).
1132805194707644529,⁣     ▲⁣            Member Roles⁣            ▲⁣,separator,delete,,,,1,0,"no — decoration, nothing to restore",R4b — separator,no,0,,no,,cosmetic,"Not hoisted, so they draw no line in the member sidebar — the only thing they were built to do. What they actually do is render as gibberish pills on up to 47 member profiles and pad the roles list. Zero permissions, zero overwrites."
1132805520953184297,⁣     ▲⁣       Streamer Roles⁣      ▲,separator,delete,,,,0,0,no,R4b — separator,no,0,,no,,cosmetic,"Not hoisted, so they draw no line in the member sidebar — the only thing they were built to do. What they actually do is render as gibberish pills on up to 47 member profiles and pad the roles list. Zero permissions, zero overwrites."
1119666971584237679,Horror Games,game,keep,,,,6,0,no,,no,0,,yes,What type of games do you play? → Horror,cosmetic,The three games with a channel and 44 holders between them. TWO-14 Wave 0 finally wires the doors open.
1132805628172173322,⁣     ▲⁣        Game Roles⁣        ▲,separator,delete,,,,0,0,no,R4b — separator,no,0,,no,,cosmetic,"Not hoisted, so they draw no line in the member sidebar — the only thing they were built to do. What they actually do is render as gibberish pills on up to 47 member profiles and pad the roles list. Zero permissions, zero overwrites."
1135005206841663490,ChronicleBot,bot,untouchable,,,,0,0,no,,no,0,,no,,bot,Owned by a bot integration. Discord will not let us delete it; it goes when the bot goes (TWO-42).
1138920512601464915,Raid Organizer,bot,untouchable,,,,0,0,no,,no,0,,no,,bot,Owned by a bot integration. Discord will not let us delete it; it goes when the bot goes (TWO-42).
1146631068787671110,TWO Battlepass Lvl 1-10,event,decision,delete,,,5,0,yes — rollback,"R6 — export holders, announce, then delete",no,0,,no,,cosmetic,"Battlepass tiers, 15 holders across three, fourth empty. Nothing has updated them since 2023. Delete unless the battlepass is coming back — that is a programme decision, not an engineering one."
1146631222395670538,TWO Battlepass Lvl 11-30,event,decision,delete,,,7,0,yes — rollback,"R6 — export holders, announce, then delete",no,0,,no,,cosmetic,"Battlepass tiers, 15 holders across three, fourth empty. Nothing has updated them since 2023. Delete unless the battlepass is coming back — that is a programme decision, not an engineering one."
1146631481461055558,TWO Battlepass Lvl 31-50,event,decision,delete,,,3,0,yes — rollback,"R6 — export holders, announce, then delete",no,0,,no,,cosmetic,"Battlepass tiers, 15 holders across three, fourth empty. Nothing has updated them since 2023. Delete unless the battlepass is coming back — that is a programme decision, not an engineering one."
1147419475042377751,Restream Bot,bot,untouchable,,,,0,0,no,,no,0,,no,,bot,Owned by a bot integration. Discord will not let us delete it; it goes when the bot goes (TWO-42).
1149888357439127573,Active Member Giveaway,event,delete,,,,10,0,yes — rollback,"R6 — export holders, announce, then delete",no,0,,no,,cosmetic,"10 holders, no wiring. A 2023 giveaway cohort. Export the ten, then delete."
1179233034713702511,Survival Games,game,keep,,,,11,0,no,,no,0,,yes,What type of games do you play? → Survival,cosmetic,The three games with a channel and 44 holders between them. TWO-14 Wave 0 finally wires the doors open.
1179233301295284385,CounterStrike,game,delete,,,,0,0,no,"R1 — dead weight, no holders, no wiring",no,0,,no,,cosmetic,"Zero holders, no channel, not in onboarding. Dead game roles from 2023."
1179233886178394142,Game Staff: Shooter,staff,keep,,,,1,0,no,,no,0,,no,,cosmetic,TWO-14 Wave 0 adds its view overwrite on the shooter channel. Deleting it undoes that fix.
1179233934303825920,Game Staff: Survival,staff,keep,,,,0,0,no,,no,0,,no,,cosmetic,"Zero holders, but TWO-14 Wave 0 wires it alongside Game Staff: Shooter. Keep the pair symmetric."
1211391129031811204,MEE6,bot,untouchable,,,,0,0,no,,no,0,,no,,bot,Owned by a bot integration. Discord will not let us delete it; it goes when the bot goes (TWO-42).
1233902645408825437,GameServerApp.com,bot,untouchable,,,,0,0,no,,no,0,,no,,bot,Owned by a bot integration. Discord will not let us delete it; it goes when the bot goes (TWO-42).
1244337842466066497,Medal,bot,untouchable,,,,0,0,no,,no,0,,no,,bot,Owned by a bot integration. Discord will not let us delete it; it goes when the bot goes (TWO-42).
1254778753876496485,TWO Battlepass Lvl 51+,event,decision,delete,,,0,0,no,"R1 — dead weight, no holders, no wiring",no,0,,no,,cosmetic,"Battlepass tiers, 15 holders across three, fourth empty. Nothing has updated them since 2023. Delete unless the battlepass is coming back — that is a programme decision, not an engineering one."
1391522751050809484,឵឵B឵឵ot,bot,untouchable,,,,0,0,no,,no,0,,no,,bot,Owned by a bot integration. Discord will not let us delete it; it goes when the bot goes (TWO-42).
1391524788513673236,Phantom,lifecycle,keep,,,,30,0,no,,no,0,,no,,cosmetic,Auto-role on all 30 members stuck at the rules screen. It is the identifier for TWO-53 rules-gate conversion.
1399098352314093631,Discord Me,bot,untouchable,,,,0,0,no,,no,0,,no,,bot,Owned by a bot integration. Discord will not let us delete it; it goes when the bot goes (TWO-42).
1399099000132473077,DISBOARD.org,bot,untouchable,,,,0,0,no,,no,0,,no,,bot,Owned by a bot integration. Discord will not let us delete it; it goes when the bot goes (TWO-42).
1399100066287058966,Apollo,bot,untouchable,,,,0,0,no,,no,0,,no,,bot,Owned by a bot integration. Discord will not let us delete it; it goes when the bot goes (TWO-42).
1399100719012778006,LFG Tool,bot,untouchable,,,,0,0,no,,no,0,,no,,bot,Owned by a bot integration. Discord will not let us delete it; it goes when the bot goes (TWO-42).
1539718644953514087,Owen,bot,untouchable,,,,0,0,no,,no,0,,no,,bot,Owned by a bot integration. Discord will not let us delete it; it goes when the bot goes (TWO-42).
1469138374152687751,Autoexec,bot,untouchable,,,,0,0,no,,no,0,,no,,bot,Owned by a bot integration. Discord will not let us delete it; it goes when the bot goes (TWO-42).
326474832151838730,@everyone,baseline,keep,,,,0,0,no,,no,130,📢〢announcements | about_us | 💬〢general | TWO | GAMES | 💤 AFK | 🎶〢music,no,,has-permissions,@everyone.
