channel_id,name,type,category,position,visible_to_everyone,everyone_can_send,gated_roles,topic,has_topic,slowmode_s,nsfw,voice_user_limit,msgs_90d,msgs_30d,human_msgs_90d,human_msgs_30d,bot_msgs_90d,unique_humans_30d,unique_humans_90d,forum_posts,forum_posts_with_reply,threads_active,truncated,last_message_at,days_silent,verdict,merge_into,protected_by,justification
327082608611557377,📢〢announcements,announcement,TWO | INFO,3,true,false,0,"📢 Welcome to #news! Stay up to date with the latest announcements, updates, and important information about our server. This channel is dedicated to sharing news about server events, rule changes, feature updates, and any other relevant server-related announcements. Make sure to keep an eye on this channel to stay informed and actively participate in the server community. Let's stay connected and make the most of our server experience! :newspaper::sparkles:",true,0,false,,0,0,0,0,0,0,0,,,0,false,2023-10-15,1039,archive,,Server Guide default channel,"0 human messages in 90 days, last message 1039d ago"
1045892418362417192,about_us,text,IMPORTANT INFORMATION,64,false,false,0,,false,0,false,,0,0,0,0,0,0,0,,,0,false,2023-01-14,1313,archive,,,"0 human messages in 90 days, last message 1313d ago - already hidden from @everyone, so this is bookkeeping, not a member-facing change"
1045943373007171674,💬〢general,text,TWO | LOBBY,24,true,true,0,"💬 Welcome to #general-chat! This is the go-to channel for casual conversations and friendly banter. Feel free to chat about anything and everything here, from hobbies and interests to current events and daily life. Get to know your fellow community members, share stories, ask questions, and engage in lighthearted discussions. Remember, in this channel, we foster a welcoming and inclusive atmosphere where everyone's voice is respected. Let's build connections and enjoy some great conversations! :star2:",true,0,false,,54,10,10,1,44,1,3,,,0,false,2026-08-13,6,merge,,welcome screen card,"only 1 unique human author in 30d (3 in 90d, 10 messages)"
1045950023663370260,💤 AFK,voice,TWO | LOBBY,10,true,true,0,,false,0,false,0,0,0,0,0,0,0,0,,,0,false,2023-03-12,1256,archive,,AFK channel,"0 human messages in 90 days, last message 1256d ago"
1047562772407398500,🎶〢music,text,Archive,23,false,false,0,"🎵 Welcome to #music! Your stage to discuss genres, artists, albums, and everything that makes your heart beat to a rhythm. Share your favorite tracks, explore new tunes, debate over classic vs. contemporary, or ask for instrument tips. Let's respect all tastes and remember – in this channel, we're all ears! :headphones:",true,0,false,,0,0,0,0,0,0,0,,,0,false,2024-01-06,955,archive,,,"0 human messages in 90 days, last message 955d ago - already hidden from @everyone, so this is bookkeeping, not a member-facing change"
1055494371019071570,🚗〢automobiles,text,TWO | SOCIAL,17,true,true,0,"🚗 Welcome to #automobiles! A space for gearheads, enthusiasts, and novices to discuss everything on wheels. Share your favorite models, ask for advice on repairs and maintenance, or chat about the latest trends in the auto world. Remember to respect everyone's opinions and keep conversations relevant and clean. Drive on! 🏁",true,0,false,,0,0,0,0,0,0,0,,,0,false,2024-01-06,955,archive,,,"0 human messages in 90 days, last message 955d ago"
1055500237831151716,⚽〢sports,text,TWO | SOCIAL,16,true,true,0,"🏀 Welcome to #sports! Your digital arena to discuss all things sports, from football to figure skating. Share your match predictions, favorite players, memorable games, or even your own athletic achievements. Whether you're a casual fan or a sports encyclopedia, all are welcome here. Remember to respect all teams and opinions. Let's play ball! ⚽️",true,0,false,,0,0,0,0,0,0,0,,,0,false,2024-01-06,955,archive,,,"0 human messages in 90 days, last message 955d ago"
1056439011088007261,🔫〢guns,text,TWO | SOCIAL,18,false,false,0,"🔫 Welcome to #guns! This is a forum for responsible gun owners, enthusiasts, and those interested in firearm history and technology. Discuss various models, share safe handling tips, and engage in informed debates about gun laws. Always prioritize safety and respect everyone's viewpoint. Remember, this is a platform for educational conversation, not for sales or illegal activities. Lock and load responsibly! :scales:",true,0,true,,0,0,0,0,0,0,0,,,0,false,2024-01-06,955,archive,,,"0 human messages in 90 days, last message 955d ago - already hidden from @everyone, so this is bookkeeping, not a member-facing change"
1056447465286541333,🚽〢spam,text,TWO | LOBBY,26,false,false,0,,false,0,false,,0,0,0,0,0,0,0,,,0,false,2024-04-12,859,archive,,Server Guide default channel,"0 human messages in 90 days, last message 859d ago - already hidden from @everyone, so this is bookkeeping, not a member-facing change"
1057456170320801802,💸・gamedeals,text,TWO | LOBBY,32,false,false,0,,false,0,false,,0,0,0,0,0,0,0,,,0,false,2024-02-09,921,archive,,,"0 human messages in 90 days, last message 921d ago - already hidden from @everyone, so this is bookkeeping, not a member-facing change"
1058572808826933319,wick-logs,text,TWO | LEADERSHIP,55,false,false,0,,false,0,false,,0,0,0,0,0,0,0,,,0,false,2024-09-11,707,archive,,,"0 human messages in 90 days, last message 707d ago - already hidden from @everyone, so this is bookkeeping, not a member-facing change"
1058572809607073832,📜〢mod-logs,text,TWO | LEADERSHIP,51,false,false,2,,false,0,false,,0,0,0,0,0,0,0,,,0,false,2025-03-16,521,archive,,,"0 human messages in 90 days, last message 521d ago - already hidden from @everyone, so this is bookkeeping, not a member-facing change"
1059534713695502337,📈〢network-status,text,TWO | LEADERSHIP,54,false,false,0,,false,0,false,,0,0,0,0,0,0,0,,,0,false,2025-03-16,521,archive,,,"0 human messages in 90 days, last message 521d ago - already hidden from @everyone, so this is bookkeeping, not a member-facing change"
1063256513172484149,💻〢tech,text,Archive,20,false,false,0,"💻 Welcome to #coding! A space for code enthusiasts, professional developers, and programming beginners. Share your projects, ask for help, discuss different languages and frameworks, or simply chat about the latest tech trends. Whether you've just printed your first ""Hello, World!"" or you're a seasoned developer, there's always something to learn here. Remember, in this channel, we debug in respect and patience. Happy coding! :rocket:",true,0,false,,0,0,0,0,0,0,0,,,0,false,2024-01-06,955,archive,,,"0 human messages in 90 days, last message 955d ago - already hidden from @everyone, so this is bookkeeping, not a member-facing change"
1063269593914818600,stream_program,text,IMPORTANT INFORMATION,66,false,false,0,,false,0,false,,0,0,0,0,0,0,0,,,0,false,2023-01-18,1308,archive,,,"0 human messages in 90 days, last message 1308d ago - already hidden from @everyone, so this is bookkeeping, not a member-facing change"
1063303397639454781,lfc_role_proof,text,IMPORTANT INFORMATION,65,false,false,0,,false,0,false,,0,0,0,0,0,0,0,,,0,false,2023-01-13,1314,archive,,,"0 human messages in 90 days, last message 1314d ago - already hidden from @everyone, so this is bookkeeping, not a member-facing change"
1078083546054397982,🎉〢giveaways,text,TWO | LOBBY,31,false,false,0,,false,0,false,,0,0,0,0,0,0,0,,,0,false,2023-05-28,1179,archive,,,"0 human messages in 90 days, last message 1179d ago - already hidden from @everyone, so this is bookkeeping, not a member-facing change"
1078104807132373032,✅・verify,text,TWO | INFO,6,false,false,1,,false,0,false,,0,0,0,0,0,0,0,,,0,false,2023-07-30,1116,archive,,,"0 human messages in 90 days, last message 1116d ago - already hidden from @everyone, so this is bookkeeping, not a member-facing change"
1078864674046627960,stream-announcements,text,IMPORTANT INFORMATION,67,false,false,0,,false,0,false,,0,0,0,0,0,0,0,,,0,false,2023-03-21,1247,archive,,,"0 human messages in 90 days, last message 1247d ago - already hidden from @everyone, so this is bookkeeping, not a member-facing change"
1079390933159788714,staff-applications,text,TWO | LEADERSHIP,53,false,false,5,,false,0,false,,0,0,0,0,0,0,0,,,0,false,2023-08-12,1103,archive,,,"0 human messages in 90 days, last message 1103d ago - already hidden from @everyone, so this is bookkeeping, not a member-facing change"
1080624480382107728,invites,text,IMPORTANT INFORMATION,68,false,false,0,,false,0,false,,11,7,0,0,11,0,0,,,0,false,2026-08-03,16,archive,,,"0 human messages in 90 days (11 bot messages), last message 16d ago - already hidden from @everyone, so this is bookkeeping, not a member-facing change"
1086368551729905694,➕〢Create a VC,voice,TWO | LOBBY,0,true,true,0,,false,0,false,0,0,0,0,0,0,0,0,,,0,false,,,archive,,Server Guide default channel,"0 human messages in 90 days, never used"
1087198966346690570,📰〢introduce-yourself,forum,TWO | INFO,1,true,true,0,"This forum serves as a welcoming area where new members can share a bit about themselves, their interests, and their reasons for joining the community.",true,0,false,,0,0,0,0,0,0,0,29,24,1,false,2026-02-21,179,archive,,Server Guide default channel,"0 human messages in 90 days, last message 179d ago"
1087199559719067748,🌎〢away-from-keyboard,text,TWO | LOBBY,28,false,false,0,"Your one-stop destination for all things non-gaming. Got something to share that doesn't involve the comforting glow of a 144Hz screen? This is the place. This is where you take a break from owning noobs and talk about owning life. Chat about your latest achievements, or share how you managed to put a dent in your infinity pile of laundry. Keep it respectful, and keep it real. Let's make this chat more lit than your RGB setup!",true,0,false,,0,0,0,0,0,0,0,,,0,false,2024-01-06,955,archive,,,"0 human messages in 90 days, last message 955d ago - already hidden from @everyone, so this is bookkeeping, not a member-facing change"
1087199619546632232,📺〢clips-and-highlights,text,TWO | LOBBY,25,true,true,0,"🎮 Welcome to #game-clips! This channel is dedicated to sharing and showcasing your most epic and hilarious gaming moments. Share your game clips, highlight reels, and memorable gameplay footage from various titles. Whether it's a perfectly executed headshot, a game-winning play, or a funny glitch, this is the place to share and relive those gaming highlights. Remember, in this channel, we appreciate and support each other's gaming achievements while fostering a positive and inclusive gaming community. Capture, share, and let the games begin! :movie_camera::video_game:",true,0,false,,0,0,0,0,0,0,0,,,0,false,2025-11-10,282,archive,,Server Guide default channel,"0 human messages in 90 days, last message 282d ago"
1087199767718809650,🔞〢nsfw,text,TWO | LOBBY,29,false,false,1,,false,0,true,,0,0,0,0,0,0,0,,,0,false,2024-09-10,708,archive,,,"0 human messages in 90 days, last message 708d ago - already hidden from @everyone, so this is bookkeeping, not a member-facing change"
1087199860802986095,📝〢suggestions,text,TWO | INFO,5,false,false,0,Channel Rules: https://discord.com/channels/326474832151838730/1087199860802986095/1115047528258347018,true,0,false,,0,0,0,0,0,0,0,,,0,false,2023-07-04,1142,archive,,,"0 human messages in 90 days, last message 1142d ago - already hidden from @everyone, so this is bookkeeping, not a member-facing change"
1087199956600897557,📺〢streaming,text,TWO | GAMES,42,false,false,0,Members can post their live streams or social media links here.,true,0,false,,3,2,0,0,3,0,0,,,0,false,2026-07-21,28,archive,,,"0 human messages in 90 days (3 bot messages), last message 28d ago - already hidden from @everyone, so this is bookkeeping, not a member-facing change"
1087200082505510972,🤝・partners,text,TWO | INFO,10,true,true,0,,false,0,false,,0,0,0,0,0,0,0,,,0,false,2024-07-07,773,archive,,,"0 human messages in 90 days, last message 773d ago"
1087200619418357810,🌈〢color-change,text,TWO | INFO,8,false,false,2,,false,0,false,,0,0,0,0,0,0,0,,,0,false,2023-05-31,1176,archive,,,"0 human messages in 90 days, last message 1176d ago - already hidden from @everyone, so this is bookkeeping, not a member-facing change"
1087201627980714044,🎫・ticket,text,🎫【 SUPPORT TICKETS 】🎫,59,true,false,0,,false,0,false,,0,0,0,0,0,0,0,,,0,false,2023-05-29,1178,archive,,Server Guide default channel,"0 human messages in 90 days, last message 1178d ago"
1087910390802960414,📰〢patches,forum,TWO | GAMES,43,false,false,0,,false,0,false,,186,64,0,0,186,0,0,108,70,8,false,2026-08-19,0,archive,,,"0 human messages in 90 days (186 bot messages), last message 0d ago - already hidden from @everyone, so this is bookkeeping, not a member-facing change"
1090639980705099776,message-delete,text,Logs,69,false,false,0,,false,0,false,,0,0,0,0,0,0,0,,,0,false,2025-06-09,435,archive,,,"0 human messages in 90 days, last message 435d ago - already hidden from @everyone, so this is bookkeeping, not a member-facing change"
1090640059524468797,message-edit,text,Logs,70,false,false,0,,false,0,false,,0,0,0,0,0,0,0,,,0,false,2025-08-07,377,archive,,,"0 human messages in 90 days, last message 377d ago - already hidden from @everyone, so this is bookkeeping, not a member-facing change"
1090640094194565180,image-delete,text,Logs,71,false,false,0,,false,0,false,,0,0,0,0,0,0,0,,,0,false,2024-08-24,725,archive,,,"0 human messages in 90 days, last message 725d ago - already hidden from @everyone, so this is bookkeeping, not a member-facing change"
1090640131200913589,bulk-message-delete,text,Logs,72,false,false,0,,false,0,false,,0,0,0,0,0,0,0,,,0,false,2025-07-19,396,archive,,,"0 human messages in 90 days, last message 396d ago - already hidden from @everyone, so this is bookkeeping, not a member-facing change"
1090640168412786688,log-invitesinvite-info,text,Logs,73,false,false,0,,false,0,false,,0,0,0,0,0,0,0,,,0,false,,,archive,,,"0 human messages in 90 days, never used - already hidden from @everyone, so this is bookkeeping, not a member-facing change"
1090640199475802202,moderator-commands,text,Logs,74,false,false,0,,false,0,false,,0,0,0,0,0,0,0,,,0,false,,,archive,,,"0 human messages in 90 days, never used - already hidden from @everyone, so this is bookkeeping, not a member-facing change"
1090640261375340554,member-join,text,Logs,75,false,false,0,,false,0,false,,0,0,0,0,0,0,0,,,0,false,2025-09-12,341,archive,,,"0 human messages in 90 days, last message 341d ago - already hidden from @everyone, so this is bookkeeping, not a member-facing change"
1090640290882261092,member-leave,text,Logs,76,false,false,0,,false,0,false,,0,0,0,0,0,0,0,,,0,false,2025-08-22,362,archive,,,"0 human messages in 90 days, last message 362d ago - already hidden from @everyone, so this is bookkeeping, not a member-facing change"
1090640324600266902,member-role-add,text,Logs,77,false,false,0,,false,0,false,,0,0,0,0,0,0,0,,,0,false,2025-09-14,339,archive,,,"0 human messages in 90 days, last message 339d ago - already hidden from @everyone, so this is bookkeeping, not a member-facing change"
1090640356627976263,member-role-remove,text,Logs,78,false,false,0,,false,0,false,,0,0,0,0,0,0,0,,,0,false,2025-09-14,339,archive,,,"0 human messages in 90 days, last message 339d ago - already hidden from @everyone, so this is bookkeeping, not a member-facing change"
1090640385027616861,nickname-change,text,Logs,79,false,false,0,,false,0,false,,0,0,0,0,0,0,0,,,0,false,2025-09-10,343,archive,,,"0 human messages in 90 days, last message 343d ago - already hidden from @everyone, so this is bookkeeping, not a member-facing change"
1090640414568091700,member-ban,text,Logs,80,false,false,0,,false,0,false,,0,0,0,0,0,0,0,,,0,false,2024-09-11,707,archive,,,"0 human messages in 90 days, last message 707d ago - already hidden from @everyone, so this is bookkeeping, not a member-facing change"
1090640441948512326,member-unban,text,Logs,81,false,false,0,,false,0,false,,0,0,0,0,0,0,0,,,0,false,,,archive,,,"0 human messages in 90 days, never used - already hidden from @everyone, so this is bookkeeping, not a member-facing change"
1090640472449486908,role-create,text,Logs,82,false,false,0,,false,0,false,,0,0,0,0,0,0,0,,,0,false,2025-07-27,388,archive,,,"0 human messages in 90 days, last message 388d ago - already hidden from @everyone, so this is bookkeeping, not a member-facing change"
1090640510227582986,role-delete,text,Logs,83,false,false,0,,false,0,false,,0,0,0,0,0,0,0,,,0,false,2025-07-06,408,archive,,,"0 human messages in 90 days, last message 408d ago - already hidden from @everyone, so this is bookkeeping, not a member-facing change"
1090642310846480445,role-update,text,Logs,84,false,false,0,,false,0,false,,0,0,0,0,0,0,0,,,0,false,2023-08-18,1097,archive,,,"0 human messages in 90 days, last message 1097d ago - already hidden from @everyone, so this is bookkeeping, not a member-facing change"
1090642341041291364,channel-create,text,Logs,85,false,false,0,,false,0,false,,0,0,0,0,0,0,0,,,0,false,2025-09-07,345,archive,,,"0 human messages in 90 days, last message 345d ago - already hidden from @everyone, so this is bookkeeping, not a member-facing change"
1090642374226612404,channel-delete,text,Logs,86,false,false,0,,false,0,false,,0,0,0,0,0,0,0,,,0,false,2025-09-07,345,archive,,,"0 human messages in 90 days, last message 345d ago - already hidden from @everyone, so this is bookkeeping, not a member-facing change"
1090642415339192351,voice-channel-join,text,Logs,87,false,false,0,,false,0,false,,0,0,0,0,0,0,0,,,0,false,2025-09-15,338,archive,,,"0 human messages in 90 days, last message 338d ago - already hidden from @everyone, so this is bookkeeping, not a member-facing change"
1090642448579043388,voice-channel-leave,text,Logs,88,false,false,0,,false,0,false,,0,0,0,0,0,0,0,,,0,false,2025-09-15,338,archive,,,"0 human messages in 90 days, last message 338d ago - already hidden from @everyone, so this is bookkeeping, not a member-facing change"
1090642477624590376,voice-channel-move,text,Logs,89,false,false,0,,false,0,false,,0,0,0,0,0,0,0,,,0,false,2025-09-15,338,archive,,,"0 human messages in 90 days, last message 338d ago - already hidden from @everyone, so this is bookkeeping, not a member-facing change"
1092312335529541632,🎮〢game-hub,forum,TWO | LOBBY,27,true,true,0,"**Post Guidelines:** Welcome to the **Game Hub**! To ensure a positive and organized experience for all members, please follow these guidelines when posting threads: **1. Thread Titles:** - Use clear and descriptive titles for your threads. Include the game name and the purpose of your post (e.g., `[Apex Legends] Looking for Squad` or `[Overwatch] Strategy Discussion`). **2. Content:** - Clearly state the purpose of your post in the first few sentences. - Provide relevant details such as game mode, preferred playtimes, and any specific requirements or expectations. **3. Tagging:** - Use appropriate tags to categorize your thread. **4. Featured Image:** - Enhance your thread with a featured image showcasing the game. This makes your post more visually appealing and helps other members quickly identify the game. **How to Source a Featured Image:** **Steam:** 1. Visit the Steam store page for the game. 2. Right-click on the desired image (e.g., game cover, in-game screenshot) and select ""Copy Image Address"" or ""Save Image As."" 3. Use the copied image address or upload the saved image when creating your thread. **IGDB (Internet Game Database):** 1. Go to [IGDB](https://www.igdb.com/). 2. Search for the game. 3. Browse the available images and right-click on the preferred one to copy the image address or save the image. **AlphaRatio:** 1. Visit [AlphaRatio](https://alpharatio.cc/) . 2. Search for the game and find a suitable image. 3. Right-click on the image to copy the image address or save the image to your device. **Google Image Search:** 1. Go to [Google Images](https://images.google.com/). 2. Type in the game's name and press Enter. 3. Browse the results and right-click on the image you want to use. Select ""Copy Image Address"" or ""Save Image As."" **Additional Tips:** - Make sure the images you choose are of high quality and appropriately represent the game. - If you're unsure about the image source or usage rights, it's best to use images from official game websites or authorized databases like Steam and IGDB. By following these guidelines, you'll help keep our community organized and enjoyable for everyone. Thank you for contributing to the **Game Hub**!",true,0,false,,0,0,0,0,0,0,0,22,12,0,false,2026-02-06,194,archive,,Server Guide default channel,"0 human messages in 90 days, last message 194d ago"
1092823790695751810,👍・lfc-upvote,text,TWO | INFO,9,false,false,0,,false,0,false,,0,0,0,0,0,0,0,,,0,false,2023-06-09,1166,archive,,,"0 human messages in 90 days, last message 1166d ago - already hidden from @everyone, so this is bookkeeping, not a member-facing change"
1092929576491036672,👑〢battlepass,text,TWO | INFO,11,false,false,0,,false,0,false,,0,0,0,0,0,0,0,,,0,false,2026-04-26,114,archive,,,"0 human messages in 90 days, last message 114d ago - already hidden from @everyone, so this is bookkeeping, not a member-facing change"
1104836077761593354,❗〢audit-log,text,TWO | LEADERSHIP,50,false,false,0,,false,0,false,,4000,4000,0,0,4000,0,0,,,0,true,2026-08-19,0,archive,,,"0 human messages in 90 days (4000 bot messages), last message 0d ago - already hidden from @everyone, so this is bookkeeping, not a member-facing change"
1105881919062806588,wicklogs,text,Logs,90,false,false,0,,false,0,false,,115,79,0,0,115,0,0,,,0,false,2026-08-19,0,archive,,,"0 human messages in 90 days (115 bot messages), last message 0d ago - already hidden from @everyone, so this is bookkeeping, not a member-facing change"
1112742775578964099,modmail-log,text,ModMail,91,false,false,0,,false,0,false,,0,0,0,0,0,0,0,,,0,false,2023-05-29,1178,archive,,,"0 human messages in 90 days, last message 1178d ago - already hidden from @everyone, so this is bookkeeping, not a member-facing change"
1112743065665413120,pisnrzrs-0001,text,ModMail,92,false,false,0,ModMail Channel 275483498603741184 1112742047854628934 (Please do not change this),true,0,false,,0,0,0,0,0,0,0,,,0,false,2023-05-29,1178,archive,,,"0 human messages in 90 days, last message 1178d ago - already hidden from @everyone, so this is bookkeeping, not a member-facing change"
1112873080293970002,💎〢support-us,text,TWO | INFO,7,true,true,0,,false,0,false,,0,0,0,0,0,0,0,,,0,false,2024-04-12,859,archive,,,"0 human messages in 90 days, last message 859d ago"
1113457081329139763,📃・text-generation,text,🧠│AI FUN,56,false,false,0,"📝 Welcome to #text-generation! Unleash the power of AI with the /write bot command. This channel is dedicated to generating captivating AI-generated texts and exploring the possibilities of creative algorithms. Share your generated texts, discuss different prompts and techniques, and experiment with the /write command's various options. Whether you're an avid writer or simply curious about AI-generated content, this channel is your literary haven. Remember, in this channel, we appreciate and explore the AI's linguistic abilities while encouraging responsible and ethical use. Let the AI's words weave tales of imagination! :sparkles::pen_fountain:",true,0,false,,0,0,0,0,0,0,0,,,0,false,2023-10-25,1029,archive,,,"0 human messages in 90 days, last message 1029d ago - already hidden from @everyone, so this is bookkeeping, not a member-facing change"
1113457217706922035,🌄・image-generation,text,🧠│AI FUN,57,false,false,0,"🖼️ Welcome to #image-generation! Harness the power of artificial intelligence with the /imagine bot command. Use this channel to generate fascinating AI-generated images and explore the possibilities of creative algorithms. Share your generated images, discuss different prompts and techniques, and experiment with the /imagine command's various options. Whether you're a seasoned AI artist or just diving into the world of image generation, this channel is your digital studio. Remember, in this channel, we appreciate and admire the AI's creative output while encouraging ethical and responsible use. Let the AI brush strokes create magic! :art::sparkles:",true,0,false,,0,0,0,0,0,0,0,,,0,false,2024-01-13,949,archive,,,"0 human messages in 90 days, last message 949d ago - already hidden from @everyone, so this is bookkeeping, not a member-facing change"
1113979181391429672,🆓・freebies,text,TWO | LOBBY,33,false,false,0,,false,0,false,,44,9,0,0,44,0,0,,,0,false,2026-08-13,6,archive,,,"0 human messages in 90 days (44 bot messages), last message 6d ago - already hidden from @everyone, so this is bookkeeping, not a member-facing change"
1114833990315159622,5-microuxys4545,text,🎫【 CLOSED TICKETS 】🎫,61,false,false,1,Ticket #5 - Type: 📩 **Open ticket** - Closed by: <@1104830164023660627> - Created by: <@1104830164023660627>,true,0,false,,0,0,0,0,0,0,0,,,0,false,2023-06-04,1172,archive,,,"0 human messages in 90 days, last message 1172d ago - already hidden from @everyone, so this is bookkeeping, not a member-facing change"
1117480270044594186,🛠・diy-projects,forum,TWO | LOBBY,34,false,false,0,,false,0,false,,0,0,0,0,0,0,0,1,1,0,false,2023-07-26,1120,archive,,,"0 human messages in 90 days, last message 1120d ago - already hidden from @everyone, so this is bookkeeping, not a member-facing change"
1118994447036850369,💬〢horror-general,text,👻【 Horror 】👻,39,false,false,0,,false,0,false,,7,4,0,0,7,0,0,,,0,false,2026-08-17,2,archive,,,"0 human messages in 90 days (7 bot messages), last message 2d ago - already hidden from @everyone, so this is bookkeeping, not a member-facing change"
1118994739799281664,📅〢events,text,TWO | INFO,4,true,true,0,,false,0,false,,0,0,0,0,0,0,0,,,0,false,2024-07-27,752,archive,,Server Guide default channel,"0 human messages in 90 days, last message 752d ago"
1119073453291610123,6-pisnrzrs-segunpeace9185,text,🎫【 CLOSED TICKETS 】🎫,60,false,false,1,Ticket #6 - Type: 📩 **Open ticket** - Closed by: <@441034097813356545> - Claimed by: <@275483498603741184> - Created by: <@1073182848661606430>,true,0,false,,0,0,0,0,0,0,0,,,0,false,2023-06-16,1160,archive,,,"0 human messages in 90 days, last message 1160d ago - already hidden from @everyone, so this is bookkeeping, not a member-facing change"
1119296196373139587,🎨〢creative,text,Archive,21,false,false,0,"🎨 Creative Channel: Unleash your imagination here! Share your artwork, game designs, fan-fictions, music, 3D models, cosplay, and any form of creativity related to our beloved gaming world or beyond. Seek feedback, collaborate on projects, or simply appreciate the vast talents of our community. Remember: Constructive criticism is key, respect every creator's effort, and always give credit when due. Let's inspire and be inspired, turning pixels and passion into masterpieces! :paintbrush: :notes: :camera_flash:",true,0,false,,0,0,0,0,0,0,0,,,0,false,2024-01-06,955,archive,,,"0 human messages in 90 days, last message 955d ago - already hidden from @everyone, so this is bookkeeping, not a member-facing change"
1127785339486994473,9-pisnrzrs-bawrzy,text,🎫【 CLOSED TICKETS 】🎫,62,false,false,1,Ticket #9 - Type: 📩 **Open ticket** - Closed by: <@441034097813356545> - Claimed by: <@275483498603741184> - Created by: <@721091792711450665>,true,0,false,,0,0,0,0,0,0,0,,,0,false,2023-07-11,1135,archive,,,"0 human messages in 90 days, last message 1135d ago - already hidden from @everyone, so this is bookkeeping, not a member-facing change"
1128819815298125854,ticket-faq,text,🎫【 SUPPORT TICKETS 】🎫,58,false,false,1,"Centralized support for recurring questions and consistent ticket responses. Find pre-prepared scripts for common inquiries to maintain efficient and streamlined ticket handling. Objective: Enhance support efficiency by providing standardized responses and a repository of frequently asked questions (FAQs). Find copy-paste solutions to ensure consistent customer interactions. Guidelines: Search first: Check existing messages and pinned posts for previous answers. Use tags: Categorize content with #Billing, #Technical, #General, or create new tags. Collaborate: Contribute FAQs and scripts to build a comprehensive knowledge base. Stay professional: Maintain a respectful tone while offering assistance. Note: Unique cases may require personalized responses. Adapt scripts as needed and consult with team members for complex issues. Template: [Category: #Tag] Question/Issue: [Description] Answer/Script: [Provide pre-prepared response or script]",true,0,false,,0,0,0,0,0,0,0,,,0,false,2023-09-06,1078,archive,,,"0 human messages in 90 days, last message 1078d ago - already hidden from @everyone, so this is bookkeeping, not a member-facing change"
1132448261253369939,🚩〢guidelines,text,TWO | INFO,2,true,false,0,,false,0,false,,0,0,0,0,0,0,0,,,0,false,2023-11-19,1004,archive,,rules channel,"0 human messages in 90 days, last message 1004d ago"
1132475979282006137,🚀〢quick-start-guide,text,TWO | INFO,12,false,false,0,,false,0,false,,0,0,0,0,0,0,0,,,0,false,2025-02-22,543,archive,,,"0 human messages in 90 days, last message 543d ago - already hidden from @everyone, so this is bookkeeping, not a member-facing change"
1134893653832245428,🌐〢divisions,forum,TWO | GAMES,41,false,false,0,,false,0,false,,0,0,0,0,0,0,0,4,0,1,false,2023-07-30,1116,archive,,,"0 human messages in 90 days, last message 1116d ago - already hidden from @everyone, so this is bookkeeping, not a member-facing change"
1138590687311446049,📌〢staff-announcements,text,TWO | LEADERSHIP,44,false,false,1,,false,0,false,,0,0,0,0,0,0,0,,,0,false,2023-08-08,1106,archive,,,"0 human messages in 90 days, last message 1106d ago - already hidden from @everyone, so this is bookkeeping, not a member-facing change"
1138590808715571300,🔧〢updates-and-changes,text,TWO | LEADERSHIP,45,false,false,1,,false,0,false,,0,0,0,0,0,0,0,,,0,false,2025-12-15,246,archive,,public updates channel,"0 human messages in 90 days, last message 246d ago - already hidden from @everyone, so this is bookkeeping, not a member-facing change"
1138591034163593336,📝〢staff-chat,text,TWO | LEADERSHIP,46,false,false,1,"🔧📋 | General discussion on server management, staff updates, and coordination. Respect confidentiality.",true,0,false,,0,0,0,0,0,0,0,,,0,false,2025-02-20,544,archive,,,"0 human messages in 90 days, last message 544d ago - already hidden from @everyone, so this is bookkeeping, not a member-facing change"
1138591122927648908,🌀〢moderator-chat,text,TWO | LEADERSHIP,48,false,false,1,"🛡️🔍 | Dedicated space for moderators. Discuss user issues, rule enforcement, and moderation strategies.",true,0,false,,0,0,0,0,0,0,0,,,0,false,2024-04-12,859,archive,,,"0 human messages in 90 days, last message 859d ago - already hidden from @everyone, so this is bookkeeping, not a member-facing change"
1138593758443737140,🔺〢admin-chat,text,TWO | LEADERSHIP,49,false,false,1,"👑🔧 | Admins only. Discuss server infrastructure, critical decisions, and high-level server tasks. Make informed choices.",true,0,false,,0,0,0,0,0,0,0,,,0,false,2024-07-30,750,archive,,,"0 human messages in 90 days, last message 750d ago - already hidden from @everyone, so this is bookkeeping, not a member-facing change"
1139710398585651220,🤖〢bot-commands,text,TWO | LEADERSHIP,52,false,false,5,,false,0,false,,0,0,0,0,0,0,0,,,0,false,2025-07-06,408,archive,,,"0 human messages in 90 days, last message 408d ago - already hidden from @everyone, so this is bookkeeping, not a member-facing change"
1139711709980925962,voice-log,text,logs,93,false,false,0,,false,0,false,,495,156,0,0,495,0,0,,,0,false,2026-08-19,0,archive,,,"0 human messages in 90 days (495 bot messages), last message 0d ago - already hidden from @everyone, so this is bookkeeping, not a member-facing change"
1139711711851593848,message-log,text,logs,94,false,false,0,,false,0,false,,2,0,0,0,2,0,0,,,0,false,2026-06-04,76,archive,,,"0 human messages in 90 days (2 bot messages), last message 76d ago - already hidden from @everyone, so this is bookkeeping, not a member-facing change"
1139711713525108896,join-leave-log,text,logs,95,false,false,0,,false,0,false,,16,9,0,0,16,0,0,,,0,false,2026-08-19,0,archive,,,"0 human messages in 90 days (16 bot messages), last message 0d ago - already hidden from @everyone, so this is bookkeeping, not a member-facing change"
1139711716129783950,member-log,text,logs,96,false,false,0,,false,0,false,,83,40,0,0,83,0,0,,,0,false,2026-08-19,0,archive,,,"0 human messages in 90 days (83 bot messages), last message 0d ago - already hidden from @everyone, so this is bookkeeping, not a member-facing change"
1139711719065784414,server-log,text,logs,97,false,false,0,,false,0,false,,12,12,0,0,12,0,0,,,0,false,2026-08-19,0,archive,,,"0 human messages in 90 days (12 bot messages), last message 0d ago - already hidden from @everyone, so this is bookkeeping, not a member-facing change"
1140914163934302289,logger,text,Logger,98,false,false,0,,false,0,false,,0,0,0,0,0,0,0,,,0,false,2025-02-23,542,archive,,,"0 human messages in 90 days, last message 542d ago - already hidden from @everyone, so this is bookkeeping, not a member-facing change"
1146611215511081012,👋〢welcome,text,TWO | INFO,0,false,false,0,,false,0,false,,1,1,0,0,1,0,0,,,0,false,2026-08-19,0,archive,,Server Guide default channel,"0 human messages in 90 days (1 bot messages), last message 0d ago - already hidden from @everyone, so this is bookkeeping, not a member-facing change"
1154904611799437404,🎉〢subscriber-rewards,text,TWO | LOBBY,30,false,false,10,,false,0,false,,0,0,0,0,0,0,0,,,0,false,2023-10-22,1032,archive,,,"0 human messages in 90 days, last message 1032d ago - already hidden from @everyone, so this is bookkeeping, not a member-facing change"
1175127344072118405,🏠〢Lobby,voice,TWO | LOBBY,3,true,true,0,,false,0,false,0,4,0,4,0,0,0,1,,,0,false,2026-07-20,30,rewrite-topic,,Server Guide default channel,4 human messages/90d but 0 authors in 30d and no topic set
1175150257278025771,😂〢memes,text,Archive,22,false,false,0,,false,0,false,,0,0,0,0,0,0,0,,,0,false,2024-01-07,955,archive,,,"0 human messages in 90 days, last message 955d ago - already hidden from @everyone, so this is bookkeeping, not a member-facing change"
1175150463298060370,🐠〢pets,text,TWO | SOCIAL,19,false,false,0,,false,0,false,,0,0,0,0,0,0,0,,,0,false,2024-01-07,955,archive,,,"0 human messages in 90 days, last message 955d ago - already hidden from @everyone, so this is bookkeeping, not a member-facing change"
1175151272438026280,💬〢clubs,forum,TWO | LOBBY,35,false,false,0,,false,0,false,,0,0,0,0,0,0,0,0,0,0,false,,,archive,,,"0 human messages in 90 days, never used - already hidden from @everyone, so this is bookkeeping, not a member-facing change"
1176294550294233169,🙂〢interests,forum,TWO | SOCIAL,13,true,true,0,,false,0,false,,0,0,0,0,0,0,0,7,5,0,false,2025-12-13,249,archive,,Server Guide default channel,"0 human messages in 90 days, last message 249d ago"
1176386295384260648,self-promotion,text,TWO | LOBBY,36,false,false,0,,false,21600,false,,0,0,0,0,0,0,0,,,0,false,,,archive,,,"0 human messages in 90 days, never used - already hidden from @everyone, so this is bookkeeping, not a member-facing change"
1178791853861113887,11-ghostlyog-monkers,text,🎫【 CLOSED TICKETS 】🎫,63,false,false,1,Ticket #11 - Type: 📩 **Open ticket** - Closed by: <@83104159292723200> - Claimed by: <@83104159292723200> - Created by: <@176159471540633610>,true,0,false,,0,0,0,0,0,0,0,,,0,false,2023-11-27,995,archive,,,"0 human messages in 90 days, last message 995d ago - already hidden from @everyone, so this is bookkeeping, not a member-facing change"
1178937094035492884,💬〢survival-general,text,🎮【 Survival 】🎮,38,false,false,0,,false,0,false,,0,0,0,0,0,0,0,,,0,false,2024-04-12,859,archive,,,"0 human messages in 90 days, last message 859d ago - already hidden from @everyone, so this is bookkeeping, not a member-facing change"
1179217198930202735,💬〢shooters-general,text,🎯【 Shooters 】🎯,40,false,false,0,,false,0,false,,0,0,0,0,0,0,0,,,0,false,2024-09-28,690,archive,,,"0 human messages in 90 days, last message 690d ago - already hidden from @everyone, so this is bookkeeping, not a member-facing change"
1225192754020225176,📝〢staff-away,text,TWO | LEADERSHIP,47,false,false,1,"**Staff Availability Channel**: Post your current availability status here - :green_circle: `Available`, :yellow_circle: `Limited Availability`, or :red_circle: `Away`. Please **edit your original post** to update your status. Check this channel regularly to see who's available for work and collaboration.",true,0,false,,0,0,0,0,0,0,0,,,0,false,2024-09-10,708,archive,,,"0 human messages in 90 days, last message 708d ago - already hidden from @everyone, so this is bookkeeping, not a member-facing change"
1266840224835833920,☕〢The Lounge,voice,TWO | LOBBY,1,true,true,0,,false,0,false,0,0,0,0,0,0,0,0,,,0,false,2026-01-14,217,archive,,,"0 human messages in 90 days, last message 217d ago"
1266840693637255363,🔞〢The Bar,voice,TWO | LOBBY,2,true,true,0,,false,0,false,0,1,0,1,0,0,0,1,,,0,false,2026-07-02,48,rewrite-topic,,,1 human messages/90d but 0 authors in 30d and no topic set
1269750661722148954,🎉〢Events,voice,TWO | LOBBY,4,true,true,0,,false,0,false,0,0,0,0,0,0,0,0,,,0,false,,,archive,,,"0 human messages in 90 days, never used"
1269753028404056076,💭〢Hub,voice,TWO | LOBBY,5,true,true,0,,false,0,false,0,0,0,0,0,0,0,0,,,0,false,,,archive,,,"0 human messages in 90 days, never used"
1269753534346432644,🎧〢Duos,voice,TWO | LOBBY,6,true,true,0,,false,0,false,2,0,0,0,0,0,0,0,,,0,false,,,archive,,,"0 human messages in 90 days, never used"
1269753860193521816,🎧〢Trios,voice,TWO | LOBBY,7,true,true,0,,false,0,false,3,0,0,0,0,0,0,0,,,0,false,,,archive,,,"0 human messages in 90 days, never used"
1269754268265480242,🎧〢Quads,voice,TWO | LOBBY,8,true,true,0,,false,0,false,4,0,0,0,0,0,0,0,,,0,false,,,archive,,,"0 human messages in 90 days, never used"
1269754877303721985,🎧〢Squads,voice,TWO | LOBBY,9,true,true,0,,false,0,false,6,0,0,0,0,0,0,0,,,0,false,,,archive,,,"0 human messages in 90 days, never used"
1276964524150358138,💎〢supporters,forum,TWO | LOBBY,37,false,false,16,,false,0,false,,0,0,0,0,0,0,0,1,1,0,false,2024-08-25,724,archive,,,"0 human messages in 90 days, last message 724d ago - already hidden from @everyone, so this is bookkeeping, not a member-facing change"
1431742191620853791,📺〢tv-shows,forum,TWO | SOCIAL,15,true,true,0,,false,0,false,,0,0,0,0,0,0,0,1,0,0,false,2025-10-25,297,archive,,,"0 human messages in 90 days, last message 297d ago"
1431746979540631622,🎞️〢movies,forum,TWO | SOCIAL,14,true,true,0,,false,0,false,,0,0,0,0,0,0,0,0,0,0,false,,,archive,,,"0 human messages in 90 days, never used"
1465060666972049439,🎧〢Quads [1],voice,TWO | LOBBY,11,true,true,0,,false,0,false,5,0,0,0,0,0,0,0,,,0,false,,,archive,,,"0 human messages in 90 days, never used"
1499430425045766326,12-toxxicpeaches,text,🎫【 CLOSED TICKETS 】🎫,99,false,false,1,Ticket #12 - Type: 📩 **Open ticket** - Closed by: <@275483498603741184> - Created by: <@1419134514134782012>,true,0,false,,0,0,0,0,0,0,0,,,0,false,2026-04-30,111,archive,,,"0 human messages in 90 days, last message 111d ago - already hidden from @everyone, so this is bookkeeping, not a member-facing change"
